cxl_sock0,cxl_sock1,base_sock0,base_sock1
   35.02,   21.74,   39.77,   87.33
   14.53,   27.74,   43.56,   54.40
   12.12,   16.27,   40.93,   38.77
  217.13,  303.95,   50.19,   20.15
   29.51,   29.99,   15.95,   12.54
  104.04,  163.61,   22.52,   25.83
   16.53,   16.11,   21.45,   13.27
   21.33,   32.77,   16.56,   16.94
   26.36,   34.11,   22.99,   16.49
  143.44,  250.06,  309.35,  320.78
   29.15,  117.20,  160.32,  124.97
   27.52,  176.78,  101.90,   31.17
  209.75,  136.93,  346.72,   40.63
  164.34,  194.68,  177.09,   28.63
   31.71,  127.96,   79.34,   18.07
   30.39,  146.07,  109.56,   54.75
   73.32,  188.88,  232.89,  191.20
   42.11,  243.22,  175.05,   30.18
   53.02,  386.93,  236.42,   76.01
  150.08,  341.82,  374.07,   47.42
   75.56,  398.33,  268.92,   71.59
   58.06,   97.17,  138.84,   31.56
   61.11,  270.48,  280.72,  100.13
   56.75,  292.46,  124.57,   15.23
  133.69,  192.52,  175.37,   93.94
   81.39,  287.00,  157.64,   56.75
   97.33,  682.46,  394.14,   41.89
   59.65,  232.48,   86.79,   27.62
   50.19,  153.68,  111.68,   74.71
   55.66,  251.36,  209.94,   43.23
   34.17,  154.90,  107.26,   65.13
   22.11,  140.76,   83.71,   20.12
   37.61,  161.59,  112.95,   22.90
   53.90,  202.19,  135.78,   19.30
   52.58,  199.33,  107.80,   15.57
   55.86,  132.80,  981.29,   70.67
   84.26, 1329.95,  103.08,   23.22
  110.04,  294.63,  182.37,   31.35
  131.01,  632.38,  185.09,   12.76
   39.92,  403.44,  248.52,   44.10
   35.00,  412.24,  331.86,  154.50
  187.27,  862.84,  328.37,   70.10
   78.56,  308.74,  161.83,   90.28
   64.11,  224.83,  165.08,   31.46
  145.39,  203.85,  180.41,   22.94
  172.80,  342.64,  226.21,   59.14
  156.35,  274.35,  275.27,   49.38
  185.96,  302.48,  250.97,   98.13
  225.60,  429.23,  325.65,   23.34
   79.40,  388.31,  242.07,   49.08
  100.71,  391.31,  252.02,   58.08
   86.73,  354.19,  177.31,   31.34
  113.56,  377.62,  296.75,   54.76
  106.47,  404.66,  184.90,   14.17
   86.34,  373.73,  170.00,   18.07
  115.24,  310.31,  271.81,   78.46
   86.46,  278.88,  205.16,   42.56
  147.59,  316.25,  247.81,   28.03
  131.43,  361.52,  214.26,   48.24
   84.57,  971.48,  669.83,  145.91
   39.15, 1139.79,  654.97,   56.06
   23.46, 1140.46,  606.72,   33.27
   35.36,  612.60,  512.55,   94.98
   37.31,  321.12,  194.38,   19.19
   31.66,  311.03,  228.69,   21.18
   58.71,  403.32,  258.40,   39.80
   24.90,  345.34,  260.38,   47.67
   28.59,  340.96,  242.54,   30.59
   24.09,  349.74,  230.65,   12.60
   39.09,  329.96,  289.24,   48.59
   25.90,  331.26,  255.22,   41.54
   23.89,  335.38,  243.50,   27.09
  169.96,  465.29,  243.60,   16.73
  149.92,  704.27,  231.45,    9.50
  112.75,  767.19,  238.98,   16.76
   26.80,  660.46,  289.22,   46.41
   77.76,  798.50,  247.08,   20.83
   39.20,  703.43,  257.15,   28.81
  164.67,  845.99,  234.04,   12.02
   24.45,  388.78,  263.03,   49.25
   47.40,  478.49,  343.07,   40.05
  116.49, 1225.65,  768.22,  210.20
  117.26, 1200.08,  652.67,   86.21
   36.77, 1175.78,  592.82,   27.01
   39.69, 1151.27, 1960.48,   34.21
   72.92, 5029.45, 3454.79,   59.37
   72.68, 5337.82, 3053.13,   37.16
   45.07, 4583.10, 3468.28,   37.50
   45.35, 4619.21, 3874.49,   39.16
  116.25, 4665.25,  650.17,   36.15
   51.12, 3980.53,  622.83,   48.24
   15.37,  602.44,  627.43,   60.86
   41.84,  678.49,  590.75,   26.97
   44.68,  656.54,  598.98,   31.18
   32.16,  599.42,  588.06,   12.85
   34.71,  601.88, 1134.32,  225.82
   20.52,  586.28, 2685.24,   44.45
   49.48,  601.79,  241.18,   43.24
   46.93, 3946.68,  317.46,   65.48
   74.42, 1841.89,  638.37,   95.74
   45.35,  205.88,  777.04,   76.24
   64.17,  540.50, 1924.01,   63.86
   59.17,  847.21,16670.60,  146.41
   92.64, 3318.44,23408.07,   54.63
  137.70,10327.41,21148.55,   78.92
  307.67,26180.98,20323.16,  133.61
  133.27,28667.79,23517.78,   98.36
  203.88,25224.25,19634.43,   72.96
  161.74,29979.62,20510.63,   57.62
  160.96,27517.14,19157.07,  198.54
  153.21,29984.83, 8759.26,  444.40
  316.15,23373.71,15592.29,   88.37
  192.36,24684.66,15095.42,  116.11
  200.62,26407.03,13306.32,   88.94
  190.54,27313.16,14526.04,   76.45
  210.50,22568.93,14558.37,  134.35
  214.04,23013.90,16432.56,   86.89
  212.71,20839.95,16119.38,   65.63
  220.29,19186.01,16209.40,  124.98
  216.80,18956.57,15279.72,  138.88
  236.65,19886.43,15669.32,  105.48
  215.18,20864.29,19256.42,  102.02
  184.26,22040.49,19387.71,  175.47
  199.75,18450.46,19879.94,   58.79
  187.51,18132.23,17248.73,  393.18
  213.79,15558.94,17382.61,  272.11
  231.49,19602.23,19404.55,  110.95
  162.62,19388.16,22030.45,   71.26
  183.62,24228.86,24326.19,   70.69
  195.70,26065.14,15598.75,  171.56
  183.42,26076.43,22602.05,  109.22
  199.51,27379.49,15234.11, 1161.58
  166.44,25641.27,18588.96,  106.09
  160.28,23450.82,24165.60,   63.23
  159.43,23922.10,21983.91,   87.42
  189.04,25759.82,15184.41,  132.79
  189.38,27234.40,10113.32,   87.78
  255.90,26923.20, 2671.90,   48.35
  403.86,19032.34,20542.98,   59.70
  176.76,22520.92,23290.36,  119.73
  127.36,26249.36,19731.77,  119.26
  200.36,27972.89,20902.70,  106.71
  299.70,15841.31,26071.95,  167.33
  154.83,24869.96,21056.66,   58.24
  161.41,30038.57,18956.07,   69.64
  181.58,27038.42,18405.36,  128.12
  156.20,21402.36,16201.20,   99.90
  185.68,21673.32,13469.45,  264.41
  102.32,10221.07,17939.55,  104.82
   62.61, 3303.70,15558.67,  118.55
  189.55,25120.78,18014.43,  108.12
  150.32,29654.89,20159.23,   81.07
  209.48,24052.69,23129.47,   75.14
  340.23,26367.49,22191.30,   50.49
  186.04,25863.52,22214.35,  117.88
  147.31,30272.40,21325.58,  142.41
  137.13,25147.83,23052.19,   60.84
  151.40,26055.68,22007.05,   64.36
  212.07,25310.54,22731.03,   83.57
  206.46,26821.44,17756.89,  226.73
  189.42,27502.99,28784.09,  166.14
  259.78,21313.16,19988.55,   99.94
  206.83,21303.00,25946.36,  161.56
  239.39,23004.76,23816.45,   85.09
  232.42,20521.83,24835.61,   92.41
  179.50,16757.18,22187.95,  165.67
  159.77,22079.66,25272.79,  155.91
  158.08,28153.03,22715.44,   78.87
  152.53,26477.12,26601.09,  101.54
  149.88,25874.32, 4788.00,   36.83
  134.80,30225.12,22802.71,  134.08
  133.68,34302.27,22387.89,   94.10
  125.70,34952.38,21435.66,   92.38
  151.20,30068.47,20725.68,   74.49
  154.60,34050.06,23972.34,   51.18
  145.76,31002.87,18184.13,  130.18
  185.00,31363.08,23601.51,   72.36
  130.25,28238.13,20485.19,   90.66
  164.16,29452.75,17136.54,   91.68
  156.08,29962.66,16937.09,  122.37
  187.21,23333.31,16633.45,   92.64
  220.34,27193.23,15970.62,  115.87
  185.97,27040.62,20084.91,  151.19
  137.39,28824.72,17390.30,  244.37
  155.60,28561.03,26038.46,   49.65
  106.31,26897.56,23814.42,  129.41
  208.00,31132.02,23057.47,   71.85
   76.24, 3966.66,27859.55,   84.52
  171.98,30818.20,30159.79,   79.49
  121.75,29039.80,28054.19,   88.34
  156.39,32785.59,26508.20,  105.08
  106.49,29050.02,26329.89,  121.80
  187.92,25013.40,26711.49,   85.77
  146.32,30345.27,24643.29,   45.79
  182.27,26936.01,24312.19,  104.41
  170.53,27834.56,22086.13,  172.01
  165.90,25780.21,25715.34,   68.66
  183.59,26737.90,25913.16,   70.66
  194.56,22525.96,31503.49,   47.15
  206.90,21631.45, 7347.22,  100.61
  222.76,22410.25,28524.25,  111.36
  213.07,21784.69,29026.61,  128.51
  192.08,18949.26,24475.85,  169.12
  159.48,17829.14,23623.04,   73.62
  163.67,25784.15,20477.98,   75.57
  139.34,26999.57,19603.19,  104.29
  208.23,24078.39,23149.87,   77.73
  220.60,26565.70,18700.44,   69.96
  156.00,24265.67,18040.00,   68.99
  130.54,27351.18,16757.18,  150.56
  192.47,25261.42, 9769.66,  439.42
  164.22,26328.75,12338.66,  157.27
  129.30,23321.92,21323.15,   53.01
  142.35,21721.05,26271.82,   51.79
  149.17,30327.16,16410.19,   61.22
  134.53,26457.43,25522.45,  128.85
  133.94,31693.63,22576.96,   85.42
  153.39,27657.57,21398.77,   78.75
  120.44,26513.16,17746.82,  133.65
  151.02,29774.08,20558.90,  184.75
  130.61,29579.57,19927.84,   89.16
  105.44,30327.10,17454.54,  287.89
  121.24,27574.56,19406.27,  187.86
  149.75,27858.09,21904.99,   64.59
  147.28,28133.80,28021.75,   64.32
  145.35,23542.80,19680.03,  135.89
  274.33,24324.27,26059.08,   94.25
  105.97,14068.12,26083.46,   79.89
  159.30,32896.16,25147.36,   79.00
  115.29,32280.15,24483.63,  119.21
  160.96,29278.50,27820.44,   82.43
  146.98,31467.68,14813.48,  122.14
  115.11,31248.92,17083.85,  156.20
  253.97,25990.18,26696.92,   68.30
  269.61,25610.39,27633.91,   63.05
  175.67,27177.02,24817.56,  123.91
  220.14,27678.50,22103.23,   91.41
  270.74,22725.94,22259.05,   90.38
  236.84,20229.88,23351.74,   54.76
  207.92,22326.70,16108.80,  138.51
  208.35,24134.59,17428.72,   88.18
  202.01,18280.26,16969.27,  134.26
  144.16,19922.68,16064.18,  178.11
  273.83,18287.60,15899.33,  116.57
  354.82,19613.01,26943.84,  103.09
  161.45,22761.00,21357.22,  145.73
  226.16,22104.35,25002.87,   66.47
  189.49,25853.94,19190.41,  146.54
  186.58,19678.64,20611.38,  113.17
  126.14,30517.34,28553.36,   88.57
  145.82,27190.05,25126.16,   77.54
  160.61,30992.80,25461.57,  155.31
  133.12,31036.39,26189.80,   88.44
  177.60,28522.55,26410.65,  102.72
  163.14,30394.86,25112.80,   77.82
  178.43,28404.16,23041.52,  134.03
  101.38,27835.01,25827.86,   86.13
  153.34,30753.23,25693.62,   72.47
  148.76,29400.04,23946.65,  131.50
  116.77,29835.45,21266.93,  188.42
  130.64,30166.35,30775.02,   77.66
  133.20,30156.71,10017.66,   85.72
  112.76,28130.79,27110.91,  155.53
  161.57,29695.26,33499.00,   61.12
  142.17,37293.86,32791.99,   84.49
   82.29,10076.46,23773.53,  138.87
  190.07,28072.87,20479.23,  166.01
  156.22,31457.86,21035.47,   79.63
  128.02,30374.69,24539.56,   81.18
  150.18,31585.52,16865.79,  148.79
  158.66,28124.02,17333.40,   76.31
  202.88,30807.33,17962.13,  151.72
  148.73,26138.48,15235.52,   74.01
  163.07,24014.64,21677.61,   57.09
  175.62,24482.66,20272.91,  269.79
  191.91,28750.48,19271.76,  353.84
  246.66,24797.17,21907.56,  149.23
  239.56,28365.16,24973.38,   96.60
  225.23,25783.95,31219.22,   51.88
  172.74,21598.39,30375.17,   98.26
  132.67,20092.05,29913.87,   97.75
  170.17,22169.00,23197.06,  181.35
  178.21,21376.08,29430.26,  156.32
  165.32,24599.90,32506.90,   55.82
  191.53,25290.71,32023.51,   90.80
  132.08,26864.39,34227.11,  123.22
  185.68,30439.55,33841.97,  108.04
  172.22,33081.32,37446.07,   76.22
  179.47,31441.40,28253.82,   60.95
  154.66,31985.73, 9459.78,   64.97
  145.23,32068.43,37947.55,   68.09
  125.28,31276.00,33508.22,  128.34
  155.03,29710.51,41306.68,   48.01
  157.59,33012.68,26663.63,   77.81
  141.61,36403.08,33691.25,   96.13
  137.14,33884.48,23162.12,  166.99
  100.94,34015.41,15869.40,  165.93
  128.67,31833.72,17664.26,  107.08
  230.11,34599.64,17164.19,   72.89
  144.48,32295.86,15704.46,  153.34
  149.41,30877.48,18201.14,   87.73
   94.22,11266.26,21284.79,  114.64
  262.94,28717.49,20796.82,  145.03
  190.41,23734.14,21488.03,   43.29
  153.94,37860.23,20035.97,   91.07
  122.75,38727.18,20650.16,  106.63
  209.51,35576.30,22314.09,   95.85
  162.55,27757.74,22027.73,   77.54
  185.27,25743.82,20809.75,   98.97
  161.67,28202.79,19409.01,  151.22
  173.10,27679.41,17086.52,  272.35
  194.60,21598.61,18185.90,  370.41
  214.34,21402.81,25786.33,   68.47
  222.19,20226.38,25342.02,  138.60
  209.14,23505.83,25107.88,  168.05
  168.04,19812.80,34257.17,  196.24
  126.19,19382.91,35761.44,  120.01
  144.58,27542.92,35678.10,  108.93
  148.53,26339.24,19292.26,  109.63
  176.06,29351.00,17115.88,  111.18
  154.39,29552.67,34765.93,   99.03
  132.05,31768.13,32740.43,  121.51
  117.81,33319.32,23840.72,  206.80
  187.55,32553.82,21082.45,   61.78
  178.77,32087.53,22404.95,   89.67
  142.19,28880.72,20740.34,  125.21
  258.13,31752.53,16645.60,  109.99
  177.67,31477.74,17124.58,   70.43
  155.15,28497.18,19363.15,   76.42
  142.45,28875.49,15886.61,   96.67
  118.81,28353.42,21644.25,   57.97
  116.68,30567.89,24624.61,  225.62
  124.06,32428.71,26106.31,   57.99
  145.24,33092.80,26406.46,   57.94
  174.73,31168.70,27939.58,   72.62
  121.61,36775.49,26430.80,  184.55
  243.26,19219.46,27681.31,   74.62
  223.16,14442.33,28358.52,   98.31
  194.75,37861.38,26137.37,   78.69
  135.86,37186.69,23817.36,  109.29
  138.55,37962.69,26191.84,   51.57
  123.19,30785.49,23102.38,  128.27
  142.89,28788.51,24850.94,  147.61
  174.51,24345.43,26043.36,   63.14
  188.14,27373.00,25967.53,   74.08
  186.52,25030.66,27003.57,  110.90
  259.67,26694.54,30882.38,   74.30
  200.29,23291.62, 9186.67,  232.36
  291.97,19931.94,27228.38,   78.33
  282.84,19620.79,38222.18,   82.76
  209.85,22209.43,25887.98,   91.39
  172.87,18236.05,28478.12,  136.29
  167.59,17769.34,29493.32,   64.70
  318.87,21958.23,33518.55,   60.33
  196.78,26621.56,17963.46,   69.81
  150.55,24142.38,15655.78,  127.51
  145.33,26395.50,19184.49,   88.59
  158.31,23441.04,15975.83,   57.82
  133.91,27766.20,19916.03,  141.49
  171.08,24437.61,19915.40,  152.43
  153.48,25398.51,20058.31,  299.19
  146.62,27734.52,23992.01,  119.82
  161.92,23882.99,25882.80,  182.47
  163.03,20628.18,32352.63,   63.30
  153.71,22332.23,34620.41,   74.60
  151.13,24044.71,24375.31,  110.82
  214.65,26316.74,33046.66,  180.27
  167.74,30710.68,25132.46,   82.13
  127.30,29261.48,36187.95,   99.94
  147.39,35166.58,30842.66,  319.37
  122.73,33308.57,38604.57,   67.02
  102.55,34963.48,28753.52,  130.40
  133.85,35482.48,30348.56,   61.85
  171.63,32638.42,20669.18,   45.05
  148.83,32776.79,21388.29,   58.32
   64.04, 4780.55,19988.82,  125.32
  206.06,34743.46,24547.94,   84.88
  148.38,28154.47,28140.93,   85.09
  153.57,37817.03,28046.92,   78.71
  159.69,36096.13,20180.85,  171.35
  142.50,38217.65,19663.71,   74.27
  205.65,29620.67,23948.02,  154.72
  170.38,32167.40,16638.87,  149.75
  207.64,29303.12,16732.85,   70.86
  185.59,31529.28,18854.94,   72.44
  259.19,26780.60,15997.63,  106.59
  265.48,25928.17,16733.23,   78.57
  227.54,23899.54,23716.08,   95.41
  198.78,18285.83,23427.74,   87.44
  159.75,21700.92,22767.36,   89.22
  152.08,28105.22,18762.36,   77.97
  146.56,27263.18,22388.72,  152.33
  170.52,25246.64,22894.26,   73.43
  183.92,24795.54,21876.59,   55.28
  178.33,28040.71,21602.26,   59.91
  182.68,29589.13,21376.41,  304.18
  186.01,30251.02,29429.59,  159.18
  195.88,30002.64,22533.97,   72.20
  147.91,31299.59,26906.88,   52.42
  145.61,28796.77,24455.13,  213.79
  145.38,33723.91,29764.72,  111.83
  121.28,27859.66,32945.31,  117.19
  116.89,31757.24,29214.90,  226.44
  163.68,26876.09,24176.38,  101.42
  128.92,28997.37,11078.10,   53.80
  114.34,27764.01,38956.56,  107.47
  246.14,27714.74,40487.04,   90.28
  132.98,26191.29,28185.57,   84.64
  136.89,28901.44,21508.90,   73.68
  133.85,32577.04,22061.42,  156.95
  121.61,26634.84,20837.11,  116.03
   73.19,12941.54,13308.15,  470.08
  138.81,33286.28,15896.65,  189.31
  187.16,29880.24,17119.04,  109.09
  158.20,31503.29,15994.54,  162.05
  111.92,28932.06,15031.26,  128.62
  117.89,30411.01,18302.91,   79.16
  148.99,31698.33,24790.85,   55.31
  171.93,29058.24,23854.63,  127.71
  217.79,33414.40,25031.30,  142.40
  166.05,30545.73,25772.74,   61.76
  178.90,23935.38,28291.80,  132.16
  209.49,21025.91,26623.37,  127.90
  236.72,22965.38,25850.37,  151.65
  223.12,21514.38,19011.32,  340.51
  144.38,16200.28,25372.08,  130.38
  276.82,20321.37,22819.94,  116.30
  189.27,27814.19,37647.44,   53.22
  142.17,27552.01,35884.85,   81.30
  170.79,24428.70,32647.84,  102.62
  152.41,24401.46,32354.01,   92.43
  139.67,30551.46,36367.74,  123.06
  170.60,31358.25, 6036.40,   86.90
  181.95,25242.65,35837.75,   42.33
  157.90,31364.27,40900.12,   44.36
  165.19,32494.41,37549.38,  124.58
  177.95,21282.21,31250.61,   92.62
  270.23,27509.78,22707.23,   59.05
  151.61,28996.34,22519.32,  134.40
  226.15,25511.43,21201.24,  136.52
  147.60,28265.19,17625.94,   61.71
  119.78,32223.39,18812.21,   95.74
  121.02,35096.64,15939.21,  116.69
  172.09,37966.55,16430.80,  165.98
  147.95,30349.81,24201.34,   56.64
  115.72,34592.45,21421.94,  113.67
  239.01,33053.42,20651.11,  101.22
   92.56, 9405.43,16984.15,  135.79
  119.96,28479.86,24367.90,   82.82
  317.38,19670.89,23342.19,  123.83
  130.93,27383.09,21971.53,   66.55
  138.70,31091.67,22365.79,   93.24
  281.96,27294.07,23078.15,  117.70
  222.35,26485.83,32478.24,   65.69
  140.06,34683.44,32227.69,   46.35
  162.53,27460.38,29939.33,  110.17
  186.20,36352.03,36963.62,  126.87
  200.79,32552.92,32891.01,   79.28
  167.19,30134.70,32461.66,  204.03
  238.34,26501.54,26501.09,  382.65
  200.70,25239.07, 2462.30,   85.47
  184.99,19569.77,33108.66,   82.88
  141.34,18054.57,34521.27,  148.93
  190.29,25353.04,36960.01,  160.93
  175.09,25889.87,38406.16,   75.51
  165.23,23326.14,30847.78,  156.91
  216.71,28356.29,32881.34,  157.59
  176.21,28484.27,24980.12,   47.36
  126.88,31126.81,18799.29,  121.36
  188.08,31757.82,16802.35,   90.23
  132.41,31257.61,18240.97,   92.86
  140.33,30244.91,23325.47,   83.65
  124.08,26529.15,20169.39,  108.91
  213.12,32844.34,26977.73,   60.34
  141.72,30091.69,25178.62,   80.08
  125.01,28573.58,23689.74,  148.77
  201.40,28129.63,28129.01,  118.43
  128.45,23807.20,35473.98,   63.31
  145.90,28636.28,25554.99,   79.04
  151.82,28939.84,38929.04,  146.86
  119.86,28250.15,31760.23,   61.16
  177.51,30361.07,31684.98,  129.33
  175.46,28448.46,35691.05,  112.06
  211.18,31790.83,37013.82,  133.12
   72.07, 9127.76,36688.80,   92.14
  104.45,31603.59,20231.95,   96.25
  216.94,28336.48,20150.22,   58.96
  142.57,31353.77,36759.98,   76.33
  139.43,30581.12,26908.47,   74.90
  154.61,26346.17,26404.14,   99.04
  101.15,32130.21,27619.16,  139.58
  127.90,26389.89,25754.32,   96.99
  183.00,34096.82,33585.27,   94.94
  194.28,34266.95,24007.85,   68.38
  208.53,31670.30,23489.47,  111.76
  185.47,29285.12,18183.56,  111.73
  191.48,27133.75,18250.25,   65.94
  189.51,18956.23,24790.93,   78.40
  144.20,21598.75,24485.89,   78.17
  159.03,23341.86,21547.29,  218.06
  127.11,25251.85,25944.27,   66.46
  143.28,24033.62,22672.05,  286.46
  128.52,32130.40,32080.21,   96.93
  174.72,30106.28,29651.25,  125.92
  145.53,34972.79,24741.05,   68.01
  139.41,37441.64,32946.45,  121.87
  209.05,33217.83,33226.53,   63.46
  137.85,29764.95,36732.00,   64.50
  162.57,36511.29,31187.96,   83.51
  119.54,38398.70,30322.41,  111.74
  114.70,36814.23,40770.89,   80.39
  115.92,37718.40,30254.04,   67.99
  146.65,35063.19,10421.70,   81.09
  159.10,40685.36,41189.21,   38.90
  134.58,37499.95,37224.51,  267.10
  139.86,40844.22,21512.59,  334.40
  115.86,18568.27,33143.23,   89.20
   99.03,16980.29,21442.19,   64.15
   94.41,42272.00,21342.59,  125.36
  166.91,35580.91,23293.42,  139.34
  134.78,38368.89,22741.50,   50.88
  106.50,38948.29,24102.71,   92.15
  127.90,34239.55,15666.78,   92.78
  202.04,33193.36,13732.18,  129.08
  167.84,35749.02,21858.39,   78.16
  180.21,24782.75,20890.40,  120.03
  283.80,21482.78,19496.92,  101.70
  214.49,22753.64,22580.75,   66.85
  215.50,23401.71,20820.80,  115.47
  195.22,19419.69,21466.81,   90.91
  133.70,19217.94,20980.27,   75.17
  125.00,26016.46,21750.94,  110.57
  151.84,27385.61,17812.95,  235.91
  171.42,28293.68,31141.23,   51.97
  158.32,25447.67,24430.71,   55.44
  137.04,29476.47,22900.74,  115.41
  220.24,22430.80,23405.07,   85.89
  216.81,24681.55,38304.11,   49.72
  159.20,25539.21,37165.41,   48.87
  145.38,29865.08,34570.81,  185.96
  134.72,29328.39,18428.35,   50.59
  128.16,30012.23,24751.48,   59.14
  149.69,41573.77,39451.03,  102.42
  204.29,31296.41,38225.36,  166.56
  152.17,36260.78,38532.84,   77.35
  101.72,32140.10,19917.17,  110.51
  181.00,31820.93,22614.88,   61.35
  138.48,37678.71,20156.91,  172.91
  121.02,39728.41,24128.73,   88.72
  148.18,37059.27,23248.98,  175.50
  176.43, 9838.48,13730.73,  283.48
  255.28,15267.00,18410.71,  103.28
  153.75,40099.54,21608.88,  133.96
  147.89,38047.07,25573.28,   93.75
  154.36,37355.73,22117.73,   79.64
  138.07,29404.23,29210.81,  131.73
  144.15,30800.46,32252.05,   81.90
  184.15,26470.09,30872.07,   70.63
  177.24,24850.53,30570.86,  120.97
  194.34,27281.94,21841.78,  198.08
  159.23,26346.80,37597.68,   90.47
  207.05,23068.19,32855.95,   67.64
  222.52,21384.74,38280.59,  115.80
  254.12,21721.00,41237.52,  147.92
  212.67,22206.49,43518.71,   62.01
  157.80,17147.66,35538.76,  145.32
  194.99,19707.58, 4705.63,  103.13
  163.90,26068.36,40676.36,   48.30
  160.23,28830.09,41107.14,   94.07
  193.75,25137.53,39470.28,   99.60
  186.77,22690.61,28892.68,   61.60
  145.13,24974.68,21370.79,  117.38
  151.43,25946.18,23950.91,  122.03
  183.15,30178.82,18174.22,   65.00
  162.73,33051.15,11582.47,  336.80
  171.69,32441.16,16027.00,  240.30
  185.35,29373.02,17751.04,  109.05
  185.27,31228.97,16825.21,   79.57
  127.23,28115.53,19237.05,   53.26
  147.52,26910.89,18783.14,  277.09
  160.36,24065.89,17644.38,   99.85
  120.23,28049.66,18582.32,  133.61
  127.44,34424.30,18211.83,  124.01
  160.14,33901.48,25533.63,  178.97
  110.04,37771.25,32538.10,   70.54
  126.22,37365.65,30119.13,  131.52
  200.78,27500.43,24828.16,  114.40
   89.96,10441.06,31842.29,   99.36
  101.42,36492.21,23897.77,  115.49
  117.62,35532.96,26668.79,   54.06
  148.51,39770.29,25163.19,   78.39
  138.98,37013.37,26692.96,   80.15
  140.55,35964.77,26651.16,  116.95
  195.53,26292.20,39887.48,   61.86
  185.34,26320.69,20814.36,   58.04
  181.47,28157.53,21992.40,  106.93
  164.93,29168.15,40033.33,   56.74
  217.96,25698.45,33836.00,   96.46
  226.48,28304.01,26954.18,   81.93
  223.58,22505.12,31487.93,  129.11
  129.60,18252.28,33598.49,   88.66
  112.00,23900.03,33046.84,   86.43
  286.32,17383.98,23387.32,  186.88
  224.17,17315.10,19979.50,  141.44
  235.06,22370.90,18724.71,   62.31
  135.16,23216.25,21275.01,  106.53
  257.34,23514.05,24635.02,   95.82
  186.68,30618.32,24920.75,   52.63
  387.17,24858.61,25752.61,  102.52
  169.96,29329.46,28542.77,  117.29
  132.78,31358.08,24756.57,  117.37
  126.79,33234.86,29640.86,  102.67
  137.40,28327.46,26725.05,  126.77
  159.82,31574.51,36619.30,   46.33
  103.85,27649.23,35126.24,   67.04
  125.86,30344.44,33469.05,  259.93
  123.02,38831.82,29201.90,  128.10
  133.67,28480.71,31885.84,   68.86
  124.53,33919.19,41256.89,   88.93
  155.26,38816.48,30494.19,  135.46
  109.64,38431.55,10238.47,   47.40
  132.25,36358.13,38920.77,   76.57
   58.56, 1127.76,40436.74,  116.11
  166.95,31476.59,38270.24,  149.71
  123.28,41251.75,37177.97,   52.89
  169.14,33088.20,31129.46,  114.48
  199.32,35581.73,31047.99,   73.96
  164.78,38520.75,23502.47,   60.38
  179.22,30713.90,20938.96,   98.51
  186.79,33023.88,16373.16,   90.20
  182.95,35428.02,20430.41,   68.35
  197.42,26738.25,24403.12,  105.14
  204.85,28439.19,25234.85,  100.64
  237.49,27677.83,24144.82,   79.85
  215.69,20094.78,22612.62,   71.99
  143.03,21622.14,21532.52,  110.85
  178.82,23188.88,23394.89,   91.46
  216.16,24358.35,25335.66,   69.56
  149.30,26474.62,24897.98,  212.85
  172.09,28263.80,26625.78,  170.93
  167.55,26537.85,25906.02,   93.21
  155.18,27688.73,24703.46,   73.48
  175.26,25498.83,30905.24,  109.03
  200.54,23219.86,33781.24,  196.74
  138.45,32961.46,33878.83,   62.02
  115.46,32891.33,33500.11,  143.12
  225.84,27819.41, 6317.40,   43.62
  164.48,34191.98,28338.28,  155.92
  136.02,29868.33,29281.18,  104.65
  108.87,27373.45,38901.72,   81.03
  128.97,36491.80,39187.73,   98.03
  136.32,37031.21,35010.52,   92.85
  345.97,30595.48,33495.65,  109.78
  165.42,38139.70,29697.11,   42.03
  136.97,38565.40,25203.68,   84.89
  143.60,33861.29,18275.45,  131.49
   45.92, 6095.07,16813.88,   67.38
  134.30,38985.75,25792.17,   59.22
   97.43,37045.43,24112.27,  146.53
  115.02,40530.02,23801.37,  226.93
  127.18,32974.06,27669.19,   96.34
  111.46,37061.76,25960.36,   96.35
  151.74,26893.69,30327.11,  126.02
  199.46,20847.46,30753.52,  126.89
  172.32,27271.20,33249.44,   52.08
  209.91,26198.20,25768.30,  156.28
  285.76,23591.54,25151.36,  119.32
  242.72,27076.09,33412.90,   93.14
  213.32,24906.47,37153.12,  102.42
  221.76,18591.18,38806.16,   75.78
  142.80,20748.76,32774.08,   74.69
  122.82,24190.66,20370.40,   79.60
  134.92,29750.18,22431.29,  113.99
  173.48,26752.62,28436.67,   79.98
  156.65,29625.98,24857.54,   83.71
  187.40,31083.27,22824.34,  110.32
  258.17,31028.18,27984.96,   98.56
  185.84,28515.28,33681.64,   67.82
  143.64,31733.33,34384.86,   77.32
  136.36,32835.95,27848.99,  123.31
  180.38,22855.61,24826.72,   92.40
  148.14,34360.26,17966.00,  100.95
  127.24,25923.61,17288.19,   96.93
  151.58,26246.16,22237.39,  120.84
  113.65,28617.99,25753.61,   82.86
  102.70,28612.42,24109.62,  136.28
  159.03,34271.02,24160.12,   68.23
  202.05,36852.61,20791.10,   85.65
  124.76,39867.41,30084.96,   84.20
  142.24,36380.50,31355.31,   81.16
  149.46,22991.14,29150.77,   65.89
   79.64,13752.39,38920.92,   88.16
  169.88,39645.71,27327.98,  104.48
  149.13,38286.67,33958.31,   39.86
  139.75,35003.98,34994.58,   76.44
  139.88,29481.02,32094.99,  259.70
  110.90,34236.32,40184.72,   94.47
  171.34,32073.48,31402.52,   60.90
  141.27,37098.67,10310.06,   41.19
  181.47,33413.66,40916.98,  128.04
  157.11,20580.55,39889.11,   63.16
  204.74,22158.63,36684.05,  245.35
  209.67,22975.79,22235.93,  151.09
  229.12,17052.49,20596.39,  131.83
  151.32,18171.00,25687.60,  120.21
  174.15,21126.00,20523.93,  162.85
  184.54,24236.92,26131.69,   67.93
  225.07,23632.21,17207.28,   59.27
  164.39,27623.06,16362.94,   82.24
  163.51,26050.37,17224.52,  140.26
  176.77,24278.48,25213.62,   54.16
  153.77,28578.49,24789.85,   95.77
  152.40,33388.15,28220.59,  126.20
  163.55,30291.23,30246.97,   61.24
  161.41,31036.55,34234.50,  104.70
  113.33,21932.53,31166.61,  147.51
  142.00,37691.03,16032.40,  399.76
  138.98,27806.35,40375.43,   75.53
  108.82,34652.17,31481.36,  116.30
  168.29,35794.59,28216.49,  229.75
  121.84,30293.86,32735.43,   73.21
  129.91,36369.44,43760.26,   99.51
  150.96,36953.77,36335.44,  129.44
  153.60,35968.67,23629.46,  109.38
  150.29,38666.64,16128.85,  227.91
  145.53, 9820.89,42114.16,  114.29
  134.04,21368.74,35221.14,   63.12
  165.99,39477.77,41635.11,   64.89
  177.40,37044.62,31129.76,  100.29
  125.87,35555.21,34181.23,   74.73
  142.88,39278.18,27536.13,   91.69
  226.55,30432.87,21713.63,   93.41
  172.55,35403.34,16348.19,  103.14
  224.58,34008.76,16089.16,   50.28
  210.92,32303.60,15667.02,   72.73
  219.79,24801.63,14979.77,  124.07
  235.62,21199.63,20444.44,   71.67
  282.21,15421.86,19995.28,   53.50
  188.04,20032.22,21408.11,   51.78
  144.93,18975.10,20378.49,  143.07
  146.05,27634.94,27905.52,   77.15
  147.09,26392.01,27438.60,   71.59
  170.59,29562.54,26451.65,  112.21
  190.08,23261.94,25044.43,  119.03
  149.84,27833.28,26152.31,   74.80
  105.52,23001.73,24945.61,  214.61
  175.48,33005.64,24874.46,  267.99
  198.67,28318.07,31392.04,  154.44
  163.35,31955.90,40077.65,  118.59
  148.95,30371.92,43685.51,  113.93
  148.45,31257.42,18371.07,   68.43
  118.60,36213.58,18955.72,  123.34
  411.50,29382.45,42754.43,   68.43
  211.14,31132.36,40966.88,  101.39
  200.83,28811.70,38697.50,   84.69
  164.28,30193.21,30220.67,  144.91
  149.33,31942.07,34841.88,  104.25
  136.08,35594.35,26150.08,   69.41
  130.10,36733.40,24493.41,  153.06
  164.23,27880.43,16789.55,  175.84
   66.72,11984.75,17059.69,   74.98
  123.89,39206.67,19537.98,   97.66
  132.67,38486.14,24425.33,   91.10
  155.76,34567.36,24494.65,  174.20
  139.05,29631.23,22278.68,   88.06
  110.63,34225.03,15792.58,  218.44
  135.79,30353.12,24425.72,  234.59
  228.22,33855.16,29264.64,   55.33
  165.69,34849.63,29204.06,  124.50
  193.61,30842.14,28075.45,   52.96
  197.74,27034.36,28234.38,   80.40
  212.99,25785.25,24941.28,   77.15
  141.49,19036.76,26039.78,   82.82
  145.07,19942.24,30766.84,  112.60
  138.28,29202.59,33708.60,  105.27
  176.56,25665.28,41189.65,  106.07
  142.30,27911.16,27534.36,   74.02
  146.21,31101.85,10546.45,   43.81
  139.20,35870.37,35047.69,   59.53
  160.64,32214.57,24901.35,  113.35
  190.70,31929.63,26106.82,  124.42
  153.62,33054.83,29712.52,   78.51
  143.86,28671.47,32397.12,  365.04
  170.02,34932.12,32874.53,  368.48
  124.61,30210.58,30554.44,   84.73
  145.98,30735.31,20345.54,  136.43
  159.55,32514.61,23100.65,   62.04
  192.70,30186.93,16249.01,   81.64
  127.59,36485.55,19236.24,  324.26
  130.23,32859.25,24820.76,   57.45
  139.13,35414.02,25478.85,   71.39
  164.63,39727.02,30180.74,   65.81
  136.64,15171.71,31782.72,   54.18
  117.67,16004.72,29444.65,  128.15
  118.83,40860.09,31596.25,  103.57
  123.09,37244.68,25116.10,  126.47
  156.07,39014.98,36827.00,   77.56
  140.96,38308.46,32560.08,   63.19
  115.93,37476.41,33680.11,   66.43
  176.63,33982.40,38182.12,  148.69
  147.11,35868.58,42011.29,   74.83
  163.24,32232.06,37817.17,  106.40
  205.83,24747.95, 3675.96,   58.14
  224.09,21616.29,36365.23,  159.63
  215.86,22727.21,41489.46,   67.69
  116.48,19097.87,25445.51,  167.32
  142.00,23128.79,29750.21,   55.65
  191.54,24417.73,26732.98,   59.70
  166.77,29907.28,33457.35,   97.29
  136.16,29052.40,24102.96,  191.19
  146.95,31666.06,21595.71,   73.44
  135.54,30279.46,18825.08,  113.53
  156.18,34347.33,15587.97,   81.27
  177.91,32962.77,20270.64,  105.32
  144.69,36166.98,25874.27,   51.37
  140.00,31872.80,22626.56,  117.07
  140.70,41581.50,20791.82,  361.95
  139.86,30898.82,22131.59,  147.59
  211.07,28006.08,20010.70,  253.01
  137.82,37783.12,29878.70,  149.58
  112.04,36085.71,30257.80,   63.37
  105.90,38264.18,22970.44,  256.15
  135.64,39390.66,32974.97,   76.79
  194.94,38133.38,23524.57,  225.57
   81.86,10984.78,26195.14,   50.36
  201.51,25713.82,20850.28,  139.60
  127.75,40231.07,32892.48,   50.42
  203.82,35389.26,45871.35,   57.72
  120.52,38825.19,42212.43,  112.78
  100.71,38405.11, 6907.37,   49.40
  123.17,33569.45,36695.50,   66.42
  156.98,34246.38,42775.52,   53.49
  161.18,36319.70,39330.92,   83.35
  176.59,25465.48,30972.38,   85.72
  201.86,28376.50,22918.68,   77.78
  197.31,27627.83,20876.42,  111.61
  263.43,14858.19,23979.34,   99.96
  201.82,16764.23,25138.03,   55.78
  153.85,22383.86,20449.71,  219.20
  177.66,22060.66,15736.35,  148.42
  165.19,24196.84,21772.59,   77.67
  148.45,29594.37,25397.62,   63.40
  189.79,25778.89,26050.47,   66.69
  183.71,27190.87,23010.36,  170.45
  152.56,26609.78,28614.87,   76.58
  150.27,32783.53,27397.02,  231.89
  174.45,34693.33,24732.21,   47.36
  201.77,35190.68,23116.31,  135.82
  111.55,32830.74,26016.18,  108.21
  134.21,41922.07,25978.28,  122.21
  137.54,32653.91,32427.04,   95.46
  123.89,35615.55,30052.09,   64.15
  141.65,32638.00,42020.01,  134.92
  137.74,29130.30,44810.54,  135.80
  114.51,33955.88,41527.50,   85.31
  300.43,30017.27,14861.12,   96.49
  179.88,33401.52,28045.46,   57.06
  204.81,27395.80,35383.47,   92.27
  114.71, 5339.47,36515.29,  137.59
  123.74,33017.29,35279.31,  162.59
  108.49,41058.09,27051.59,   91.08
  139.98,37030.15,28829.66,   92.69
  156.14,37194.02,28159.99,  238.23
  141.19,36850.55,25410.59,  120.43
  141.58,32191.14,20466.82,  148.43
  173.24,36039.07,16137.62,  143.16
  191.66,33932.07,17738.69,  118.56
  253.04,29529.30,22365.61,   80.05
  184.98,27769.82,22768.68,  117.28
  248.20,25402.93,21265.71,  114.01
  239.90,16795.75,27034.84,   59.61
  119.15,18325.99,29325.06,   93.00
  139.38,28474.22,29941.15,   85.64
  160.54,23626.48,26084.62,   93.22
  149.95,27608.66,17634.46,  333.32
  189.96,30014.27,28815.56,  195.00
  148.14,32638.51,22488.15,   81.37
  167.08,29434.76,26805.30,   54.49
  144.95,36653.79,24985.28,   51.39
  150.02,36078.38,37998.78,  131.24
  185.62,27983.72,36238.99,  118.06
  149.40,36338.03,35051.33,   48.54
  136.37,35287.95, 7991.78,   42.20
  232.20,34029.63,27406.59,  280.96
  103.70,40144.29,40443.18,  138.88
  106.65,34940.48,36081.28,  139.57
  149.10,37578.48,39416.07,   68.32
  198.71,36635.46,30771.97,   85.54
  127.13,39413.63,32500.43,  132.45
  151.13,25295.32,17043.56,  126.12
   81.83,10431.49,15888.93,   71.95
  132.63,37117.32,17173.81,   99.72
  160.05,35025.84,16657.19,   56.99
  156.98,38600.40,18065.29,   83.57
  168.11,37251.55,23092.94,  108.74
  127.02,38775.94,23980.88,  130.54
  185.03,36179.03,28352.11,   99.36
  198.27,32023.62,28901.30,   60.53
  174.65,32679.84,31177.80,   46.08
  211.57,27605.75,28012.76,  189.31
  209.38,22593.96,24365.77,   86.79
  216.67,23413.66,32370.12,   83.02
  383.51,15247.56,20576.44,  196.58
  164.03,19453.77,24755.97,  130.13
  148.97,23393.58,26993.21,  135.62
  143.82,26396.77,31018.13,  192.14
  170.41,25576.93,31723.32,   57.10
  199.80,24044.56,41935.76,   78.42
  249.23,23050.49,27446.81,   91.90
  148.46,26910.92,13619.06,  236.23
  142.45,27317.59,41091.14,   63.80
  167.11,28832.61,36730.25,   98.80
  178.31,32422.39,34876.79,   88.18
  138.20,32218.15,37270.52,  103.18
  164.42,32635.96,33270.76,   86.83
  134.34,33295.04,31317.45,  136.23
  143.60,29643.24,19168.41,   89.39
  150.60,28349.05,18869.27,   59.55
  123.77,28614.56,13238.71,  322.79
  162.06,29818.22,18760.91,  159.43
  118.70,32081.05,24209.24,   81.58
  128.72,34343.78,25945.82,   60.84
  140.13,32755.40,30385.22,   57.62
  128.79,39854.62,29036.79,  114.59
  119.15,12706.86,29075.76,  126.93
  158.62,25538.14,26344.82,  134.01
  106.55,40272.09,42381.66,   57.63
  214.71,35471.41,37850.79,   60.02
  259.75,32991.39,33793.04,   89.99
  131.70,30935.30,34185.32,   56.37
   96.82,30923.35,37311.98,   99.97
  152.41,33214.75,36771.02,   56.73
  174.95,29870.38,38165.76,   60.19
  201.56,33348.93,12365.33,   67.85
  208.39,29454.67,31534.23,   72.24
  226.45,25945.99,39405.04,   97.65
  278.63,19940.50,33248.62,   61.58
  206.11,16762.32,32961.32,   54.62
  147.19,20430.06,32523.43,   63.39
  155.68,23875.52,24891.47,  326.76
  131.97,30326.72,29899.08,  122.80
  140.77,26508.82,19165.60,   69.72
  202.35,29069.44,18081.40,   67.41
  157.02,23353.00,15496.87,  115.77
  150.25,30664.78,15142.36,  154.96
  141.38,31256.90,20898.74,  137.37
  171.99,34159.51,22971.70,   67.51
  206.35,29124.02,17454.38,  128.93
  134.22,30938.28,23829.48,  149.52
  150.43,37625.53,28362.83,  111.19
  107.74,35539.35,27167.55,  101.61
  188.88,38094.12,31127.29,   78.30
  128.67,41359.11,26522.49,   51.45
  181.26,38886.88,31083.71,  132.18
  113.71,41817.12,25157.51,  105.06
  119.65,36341.62,24031.97,  119.43
  130.58,25655.47,27302.32,   72.37
  103.32,13005.69,38239.82,   70.07
  121.14,38908.55,32227.88,  193.99
  293.00,23671.91,37293.16,  190.64
  120.95,35795.37, 8563.72,   68.31
  119.18,38492.88,34390.69,   46.77
  133.90,38396.37,37685.67,   78.52
  184.71,31532.64,29000.49,  124.09
  161.36,37982.92,31598.22,  163.65
  191.12,28727.42,32747.57,  119.76
  208.73,23719.82,33311.14,  141.48
  270.44,20869.46,29084.38,   42.02
  197.18,22083.50,22881.81,  114.90
  224.71,18926.86,19096.75,   75.29
  170.52,18351.25,17935.00,   72.37
  141.71,21172.72,22519.59,  106.36
  163.61,28065.95,25110.78,   62.43
  165.71,26450.78,26305.07,   85.22
  163.01,26275.71,28613.77,  125.93
  214.57,27441.80,28355.28,  128.89
  122.62,31958.61,30305.90,   60.35
  173.69,30231.37,32595.62,   43.91
  148.87,32278.95,32684.78,   62.90
  149.01,33363.55,25239.47,  114.06
  187.26,32200.99,24841.51,  106.06
  146.66,36632.73,23106.85,   73.08
  152.28,32963.30,20714.50,   77.98
  161.21,33223.03,34240.57,   72.02
  153.26,38955.35,33789.23,  173.88
  118.16,37664.06,37372.67,  116.16
  141.55,37689.22, 6098.93,   23.54
  236.30,43160.23,37504.26,   70.84
  124.84,39894.18,33264.47,   95.88
  122.98,16603.49,39765.73,   88.46
  109.44,23507.96,36129.13,   84.67
   86.98,41246.46,34650.39,   77.32
  210.71,29836.11,32663.32,   68.24
  140.18,35862.45,25512.79,   91.36
  116.63,39524.59,23091.49,  100.08
  137.77,31506.11,15158.30,  240.99
  167.50,25872.67,15700.87,   70.36
  159.48,27492.01,26751.69,   51.67
  162.03,27635.86,24380.52,   59.98
  178.50,23270.47,29070.16,  137.63
  224.51,26776.16,30250.87,   70.83
  207.96,28375.39,32035.20,   61.03
  231.90,22258.21,35044.76,   46.31
  139.42,15193.67,30602.02,   83.81
  120.75,22199.04,37672.48,  162.98
  154.36,28435.44,31643.61,   86.70
  153.65,26326.62,34136.60,   66.23
  193.21,25195.28,30499.19,  283.47
  137.73,28408.15,34517.80,  132.10
  122.72,31638.44,41191.62,  137.52
  124.56,33146.73,23229.36,  154.87
  146.11,32587.06,13239.69,   78.09
  180.11,31334.78,44158.41,   75.70
  141.05,29902.50,40689.32,  114.91
  171.34,30045.83,38341.16,  119.20
  133.25,36126.58,23465.37,   86.77
  139.22,36042.46,21420.31,  136.71
  117.47,31096.64,24767.84,  104.36
  101.62,42485.55,20668.86,  240.52
  239.49,38712.47,22211.98,  206.92
  113.42,45069.16,18353.55,  199.83
  138.52,39395.93,12299.88,  184.47
  137.32,17882.93,20561.29,   94.23
   98.34,17894.81,25476.41,  105.50
  131.47,36928.55,20166.89,  383.72
  172.55,36464.52,23741.50,  125.02
  129.54,37313.95,22646.99,   81.61
  132.91,39446.05,26208.45,   83.47
  141.21,29034.80,29295.80,   85.59
  161.68,28100.90,28210.21,  104.45
  191.97,34844.50,20733.92,   85.92
  208.25,33252.04,31388.07,   79.99
  209.40,21533.65,22573.89,   67.30
  239.79,28418.56,25707.32,   87.13
  222.58,24263.67,27866.74,  253.44
  209.59,19405.83,34082.86,   88.04
  198.75,18034.64,42574.16,   77.40
  228.94,11485.99,35834.03,   46.61
  151.21,26978.95, 9180.83,   34.02
  173.77,27611.92,39468.01,  114.98
  157.02,26922.96,42597.81,   74.68
  133.58,30972.77,38790.07,   55.95
  153.96,30469.15,27019.03,   74.00
  159.15,28757.50,19847.06,  115.57
  156.25,31558.55,23146.68,  199.50
  146.11,32513.34,22823.56,   87.42
  176.64,24526.84,22534.92,  108.14
  167.39,27105.71,20604.50,   82.46
  144.98,33401.62,17049.17,   77.72
  139.45,29302.08,16685.43,  308.68
  107.80,29844.73,21581.73,  174.17
  126.54,30289.29,21629.84,   73.43
  308.73,27808.41,23339.75,   60.95
  145.37,40812.98,21050.63,   94.47
  171.98,34739.27,25011.63,  133.16
  130.05,38292.11,27713.89,   78.45
  168.69,27885.01,28477.12,   71.78
   80.74, 9652.88,24469.91,   95.50
  130.76,28803.71,22005.52,  418.91
  101.31,40202.85,27093.65,  189.76
  255.75,28322.95,34025.39,   85.79
  122.60,39698.99,42334.20,   95.34
  146.42,38409.11,41094.30,   80.64
  159.67,34456.16,43548.63,   90.38
  188.21,34336.56,19137.71,  192.33
  188.02,35514.32,22520.84,  108.38
  194.93,31131.84,40378.25,  143.06
  252.19,26532.10,42874.38,  123.08
  249.87,27572.89,38902.50,  121.13
  229.99,19927.31,26580.71,  111.51
  152.77,20766.19,33849.27,   96.62
  131.08,22192.11,23253.07,   78.11
  154.38,26090.32,24751.28,  106.99
  169.14,25182.53,21044.47,   94.28
  163.12,30063.77,15446.31,  149.83
  209.88,31036.22,19122.08,   85.65
  142.59,32294.84,25150.47,   66.73
  169.58,33797.70,24980.02,   60.16
  167.47,38252.24,28629.18,   88.19
  206.27,29161.18,21685.44,  223.52
  199.29,31742.61,26353.21,  140.20
  134.46,38090.20,29202.83,   75.40
  161.58,31802.09,28807.05,   67.02
  153.11,35999.47,32025.06,  102.12
  151.95,35915.45,32577.09,  192.38
  136.38,34126.30,27362.50,   78.60
  146.81,32810.11,40693.71,   45.09
  154.79,42141.28,40176.94,  110.35
  202.48,35630.93,45765.21,   90.19
   71.59, 5315.15,20889.98,   79.98
  116.68,38378.10,22130.60,   99.99
   96.39,40004.47,41941.11,   51.65
  135.78,38713.15,34261.75,  268.47
  120.98,39146.80,35388.86,  126.36
  151.23,36900.52,23469.01,  157.83
  138.70,33469.90,29047.29,   75.19
  199.69,33531.69,30146.89,   68.78
  158.56,33292.43,21730.43,   97.18
  195.64,25440.50,22917.71,   40.74
  198.75,24381.59,16080.08,  173.50
  186.62,22359.81,19237.87,   63.86
  205.07,20219.61,24749.39,  125.22
  137.82,18869.05,23468.20,   80.66
  143.83,27307.03,24999.03,  126.62
  150.33,26435.40,22455.09,  197.59
  122.79,29331.25,21158.68,   86.82
  168.88,29693.12,21477.81,   76.25
  142.09,30827.96,20721.53,   65.43
  191.13,29658.01,21003.49,  116.45
  171.95,32552.43,18770.96,  104.67
  131.00,32564.93,23918.36,  212.82
  121.57,31124.06,23490.29,   71.54
  154.25,29768.54,25817.31,   86.07
  150.73,31656.41,24354.06,  100.95
  155.42,30742.06,28959.30,  152.98
  104.43,29234.54,39359.57,   98.04
  138.37,27176.72,40367.49,   75.87
  111.31,39149.49, 8114.20,   64.29
  124.35,38832.82,33972.23,   85.43
  121.70,33050.31,37937.23,  319.74
  124.45,39540.79,38727.81,   64.10
  113.90,22430.44,35798.70,   74.16
   95.93,15838.21,32057.30,   59.23
  127.31,41513.30,23211.75,  385.05
  132.04,32643.74,26157.74,  202.74
  134.81,39190.12,20174.13,  162.23
  163.56,38500.21,21445.37,   41.10
  121.62,35065.70,17973.95,   68.59
  206.81,34554.70,14210.29,  109.40
  178.68,34095.35,21318.57,   79.66
  167.49,32307.67,24725.02,   82.02
  194.81,28362.88,28976.61,   71.92
  284.53,19552.20,29075.03,   66.30
  261.74,23430.34,28904.14,  156.85
  169.36,17560.58,23411.53,  281.90
  175.73,16332.88,28879.33,   70.16
  217.56,22906.66,26916.91,   81.40
  186.97,27996.85,28344.90,   56.95
  106.22,27476.85,24403.23,   50.16
  166.35,29797.11,26725.79,  128.30
  128.36,33207.68,25634.67,   66.12
  138.20,33264.02,24668.35,   63.72
  201.66,24326.09,33248.75,   92.20
  158.50,35885.88,38949.70,  129.26
  139.51,33811.61, 7240.37,  119.77
  150.57,37552.20,32877.18,  105.79
  152.43,34317.80,38639.94,  122.02
  133.98,34273.21,35118.22,  106.33
  175.78,36437.68,40430.09,  119.10
  145.55,37724.53,31785.97,  113.98
  113.22,38491.04,31399.93,  160.16
  113.58,42247.71,25952.49,   78.56
  183.10,38698.39,24488.92,  167.48
  152.08,23778.92,17154.50,  116.90
  100.58,15470.74,16405.88,  118.95
   73.07,42273.49,23752.21,   50.39
  126.03,37835.85,22057.11,  120.77
  131.15,38752.08,25983.17,   55.48
  135.80,37443.96,20455.57,  174.57
  129.32,39307.08,20640.86,  143.95
  299.40,17460.26,21728.07,   79.44
  191.40,34292.65,22051.12,   90.52
  191.23,32080.60,26186.84,   93.79
  246.92,27811.25,27493.79,   82.97
  208.47,28106.38,28037.51,  228.11
  224.59,20366.84,20800.26,  114.15
  153.78,16341.21,25729.58,  134.97
  109.02,22927.29,25342.38,   51.15
  289.28,27247.54,32706.68,   99.29
  153.13,27578.94,35363.88,   89.33
  202.86,23881.18,38498.69,   59.28
  137.15,30359.45, 6570.62,   50.62
  145.05,28473.70,28437.61,   64.48
  161.07,32300.70,39110.24,  103.93
  186.29,31985.65,29206.79,  351.74
  256.65,22768.90,39365.14,  107.53
  166.20,34977.94,38432.72,   77.40
  162.71,35203.09,35009.48,   58.75
  116.56,36258.25,29389.07,   67.13
  148.77,33687.96,19227.17,  104.04
  174.60,34016.52,18351.79,  119.19
  119.46,34482.27,17309.44,   56.43
  164.44,32479.93,18373.73,   55.89
  154.69,42598.04,20735.22,   81.14
  128.48,42580.27,16666.61,  212.84
  154.94,32582.46,29561.27,   86.09
  126.63, 7700.56,29066.77,   48.50
  112.10,30368.25,29443.25,   74.37
  143.36,39025.56,39622.24,  102.75
  112.25,38970.78,26464.16,  271.88
  143.32,36936.89,28561.10,   85.72
  104.06,37929.12,27627.59,   71.12
  173.86,35492.20,25941.68,   78.50
  180.23,34534.52,27026.02,  108.39
  188.97,33974.01,31525.77,  142.46
  166.65,29710.24,35084.25,   53.33
  210.52,27792.21,39189.67,   80.94
  199.81,23848.84,11589.82,   62.49
  132.94,18893.78, 1160.29,   40.42
  150.86,22948.58, 1650.85,   79.63
  152.88,26091.33, 1017.32,   59.04
  270.04,21592.82,  803.34,   43.04
  234.10,20831.97,  704.41,   89.87
  153.21,30778.45,   57.81,   57.31
  125.39,32685.34,  115.32,  103.70
  115.62,35314.79,,
  149.68,34945.59,,
  133.11,37910.29,,
  197.65,30310.98,,
  136.88,37721.73,,
  110.08,35329.30,,
  162.94,32269.57,,
  178.19,30511.20,,
  161.13,37002.25,,
  148.24,38423.27,,
  103.37,41037.58,,
  165.16,37874.41,,
  106.80,20668.62,,
  125.15,19941.40,,
  112.10,41416.26,,
  139.53,36861.79,,
  128.22,38948.70,,
  130.25,32888.34,,
  146.73,32525.43,,
  282.40,31285.44,,
  225.83,33936.46,,
  186.00,35313.78,,
  165.40,22840.86,,
  265.71,29124.79,,
  228.80,23363.93,,
  155.81,18669.20,,
  128.40,21066.63,,
  183.87,24874.84,,
  152.10,23662.99,,
  174.47,29082.72,,
  172.33,29872.71,,
  212.55,30543.28,,
  161.42,33432.68,,
  152.52,31793.82,,
  182.77,38051.21,,
  126.40,35368.15,,
  124.72,40447.22,,
  188.13,30793.39,,
  144.17,36244.66,,
  142.46,38343.83,,
  116.30,36152.45,,
  138.86,45651.40,,
  145.82,39619.67,,
  231.55,27118.17,,
   73.03,10968.47,,
   88.01,40191.65,,
  107.85,36752.59,,
  125.16,38903.26,,
  134.37,40883.29,,
  191.55,31034.02,,
  141.25,30284.36,,
  204.13,32242.19,,
  157.78,33582.22,,
  188.83,21180.82,,
  211.20,22688.84,,
  287.20,20265.18,,
  357.95, 6317.56,,
  216.67,18045.10,,
  170.35,21700.90,,
  130.49,23347.64,,
  135.31,28786.37,,
  155.48,26159.85,,
  128.74,30594.85,,
  227.94,30260.29,,
  138.90,33049.36,,
  132.91,30600.53,,
  125.52,27807.19,,
  172.92,29718.89,,
  120.44,25491.37,,
  155.64,34259.21,,
  158.99,26785.03,,
  198.92,35186.02,,
  134.65,36002.80,,
  103.61,38191.41,,
  120.18,40268.54,,
  173.09,40962.63,,
  135.89,39756.17,,
  156.21,19883.50,,
   99.13,13917.44,,
  126.83,39381.45,,
   98.70,39127.90,,
  141.94,37760.55,,
  145.43,39604.27,,
  203.66,32552.75,,
  165.22,35397.91,,
  171.83,35500.03,,
  179.14,31040.88,,
  227.20,25005.88,,
  223.49,27109.16,,
  246.82,22143.98,,
  144.48,18762.29,,
  149.19,23676.09,,
  141.50,27451.95,,
  146.31,25820.19,,
  159.23,30259.45,,
  148.97,27265.04,,
  147.25,27326.27,,
  168.08,25000.38,,
  180.12,26638.47,,
  176.42,27825.78,,
  139.66,31736.20,,
  186.47,28586.73,,
  135.43,36985.80,,
  217.44,29598.93,,
  124.81,36755.53,,
  112.92,33854.10,,
  126.01,36231.79,,
  145.93,41638.36,,
  155.72,42322.67,,
  152.28,36263.80,,
   63.22, 5199.79,,
  344.24,35635.46,,
   83.66,40811.94,,
  151.75,38903.11,,
  138.11,38480.13,,
  114.32,37951.37,,
  138.20,37907.30,,
  238.25,31871.32,,
  194.77,32362.68,,
  210.05,23172.20,,
  281.88,25984.77,,
  231.63,23633.74,,
  168.21,19592.56,,
  195.25,16599.73,,
  149.63,24476.92,,
  134.61,22175.12,,
  165.76,27418.46,,
  178.58,27125.60,,
  162.03,31928.01,,
  180.27,27461.90,,
  254.74,27004.46,,
  311.47,23874.07,,
  194.71,30926.46,,
  160.80,35238.60,,
  185.20,34851.20,,
  132.09,35871.66,,
  131.97,37337.56,,
  199.75,29582.61,,
  169.62,32985.62,,
  134.76,37539.92,,
  135.63,42118.66,,
  155.76,36241.95,,
  162.35,36159.31,,
  127.68, 2885.76,,
  173.85,38710.66,,
   74.57,39546.85,,
  207.24,39796.66,,
  221.75,22200.45,,
  159.68,38275.69,,
  172.64,33197.86,,
  159.83,34337.75,,
  190.58,29364.74,,
  171.78,28618.87,,
  242.15,27194.70,,
  228.75,26613.66,,
  186.78,20734.72,,
  268.37,19374.80,,
  194.99,20085.88,,
  184.44,26063.92,,
  137.29,28351.00,,
  152.52,26010.90,,
  161.41,30948.14,,
  120.88,32498.88,,
  242.09,32686.89,,
  161.94,34016.44,,
  138.36,32351.95,,
  135.85,30776.23,,
  154.39,36345.42,,
  154.83,32655.55,,
  128.32,33368.61,,
  184.25,35527.75,,
  196.67,35753.55,,
  174.85,43037.67,,
  129.59,41784.61,,
  156.38,36142.36,,
  107.43, 6352.71,,
  125.31,34508.01,,
  146.33,35605.30,,
  130.49,39463.62,,
  119.18,31348.28,,
  119.32,29401.87,,
  147.65,30306.49,,
  164.29,37417.30,,
  260.76,31649.08,,
  164.08,35370.52,,
  197.46,26734.04,,
  198.86,27258.45,,
  235.78,19962.65,,
  139.31,12754.71,,
  159.63,21145.90,,
  149.05,26061.82,,
  175.10,23789.41,,
  121.65,21538.97,,
  166.73,26985.33,,
  161.81,26207.16,,
  129.72,27364.81,,
  135.46,25698.83,,
  186.07,23934.21,,
  154.51,29957.93,,
  137.55,30507.94,,
  147.90,28841.41,,
  145.21,37844.52,,
  125.99,32270.30,,
  172.54,26721.67,,
  126.21,35874.21,,
  123.64,40340.55,,
  102.51,34651.06,,
  134.87,35270.08,,
  146.67,37313.00,,
  142.28,29028.23,,
  121.05,15312.20,,
  161.39,32380.71,,
   91.57,39330.48,,
  139.82,38968.62,,
  133.65,39497.64,,
  107.79,34804.70,,
  161.90,36004.55,,
  171.44,30523.59,,
  193.34,31545.57,,
  218.15,23522.23,,
  256.66,26501.15,,
  223.85,23808.69,,
  150.18,18317.02,,
  179.87,21595.99,,
  146.23,25844.62,,
  112.74,30330.31,,
  135.30,26670.11,,
  166.37,30352.58,,
  158.70,35290.72,,
  145.89,35188.57,,
  177.47,32192.58,,
  214.07,33103.12,,
  158.98,37769.62,,
  127.93,36676.30,,
  119.37,34885.52,,
  118.23,38703.25,,
  200.77,28785.64,,
  162.56,36635.95,,
  123.98,42473.27,,
  140.57,39504.47,,
  152.29,28735.28,,
  146.70,20445.80,,
   77.32,25606.79,,
  161.00,37195.85,,
   93.75,40762.89,,
  112.84,33791.00,,
  116.93,34372.72,,
  179.85,26782.48,,
  215.98,34092.13,,
  170.68,34482.55,,
  174.27,29730.00,,
  213.10,26923.49,,
  204.34,25668.66,,
  208.09,17908.60,,
  116.90,19234.07,,
  116.16,30383.48,,
  140.42,26684.48,,
  281.66,21637.71,,
  232.83,25720.94,,
  164.57,26625.97,,
  151.27,28826.53,,
  174.54,32869.02,,
  138.92,32732.75,,
  235.51,29572.92,,
  122.40,20212.08,,
  203.84,27741.82,,
  125.36,36422.52,,
  172.64,37114.30,,
  131.83,37726.55,,
  106.72,41394.96,,
  156.97,41565.09,,
  181.23,41038.12,,
  133.84,39931.77,,
  134.81,12667.22,,
   23.30, 1251.66,,
   73.95, 1798.65,,
   42.44,  946.07,,
  169.15, 1580.18,,
   53.42,  885.59,,
  308.37,  532.50,,
   81.65,  137.72,,
