,,SKT0,SKT0,SKT0,SKT0,SKT0,SKT0,SKT0,SKT0,SKT0,SKT0,SKT0,SKT0,SKT0,SKT0,SKT0,SKT0,SKT1,SKT1,SKT1,SKT1,SKT1,SKT1,SKT1,SKT1,SKT1,SKT1,SKT1,SKT1,SKT1,SKT1,SKT1,SKT1,System,System,System
Date,Time,Ch0Read,Ch0Write,Ch1Read,Ch1Write,Ch2Read,Ch2Write,Ch3Read,Ch3Write,Ch4Read,Ch4Write,Ch5Read,Ch5Write,Mem Read (MB/s),Mem Write (MB/s),P. Write (T/s),Memory (MB/s),Ch0Read,Ch0Write,Ch1Read,Ch1Write,Ch2Read,Ch2Write,Ch3Read,Ch3Write,Ch4Read,Ch4Write,Ch5Read,Ch5Write,Mem Read (MB/s),Mem Write (MB/s),P. Write (T/s),Memory (MB/s),Read,Write,Memory
2023-04-16,16:20:44.278,   65.31,   35.42,   65.77,   36.08,   65.59,   35.44,   63.33,   33.99,   64.40,   34.77,   63.20,   34.23,  387.58,  209.94,     19850,  597.52,  470.09,  772.02,  472.38,  774.65,  469.71,  770.69,  465.30,  770.07,  468.08,  773.14,  467.17,  772.33, 2812.73, 4632.89,     19020, 7445.62,   3200.31,   4842.83,   8043.14
2023-04-16,16:20:44.378,   35.04,   17.57,   34.02,   17.74,   34.17,   17.06,   32.75,   16.67,   32.12,   15.70,   32.37,   16.16,  200.47,  100.90,     18680,  301.37,  400.31,  671.84,  404.58,  677.69,  399.46,  671.20,  397.41,  672.50,  398.39,  674.38,  398.13,  673.13, 2398.27, 4040.74,     18780, 6439.00,   2598.74,   4141.64,   6740.38
2023-04-16,16:20:44.478,   26.66,    9.83,   26.73,   10.12,   26.48,    9.76,   24.67,    9.01,   24.91,    8.98,   24.56,    9.14,  154.01,   56.83,     18826,  210.85,  422.13,  707.56,  421.63,  706.18,  420.48,  704.81,  414.92,  704.63,  416.99,  707.26,  416.56,  706.58, 2512.71, 4237.02,     18966, 6749.73,   2666.72,   4293.86,   6960.58
2023-04-16,16:20:44.578,   24.66,    8.38,   24.40,    8.65,   24.44,    8.42,   22.67,    7.61,   22.76,    7.62,   22.73,    7.71,  141.66,   48.40,     18650,  190.06,  388.53,  638.98,  387.36,  637.44,  386.44,  636.74,  383.00,  638.45,  384.90,  641.73,  383.66,  640.10, 2313.90, 3833.44,     18640, 6147.34,   2455.56,   3881.84,   6337.39
2023-04-16,16:20:44.678,   10.03,    3.52,   10.38,    3.78,    9.95,    3.43,    9.48,    3.10,    9.52,    3.14,    9.44,    3.26,   58.81,   20.24,     18640,   79.05,  239.43,  376.76,  239.47,  376.11,  238.84,  376.34,  233.79,  371.39,  233.79,  372.14,  233.32,  370.99, 1418.63, 2243.73,     18680, 3662.36,   1477.44,   2263.96,   3741.41
2023-04-16,16:20:44.779,   11.82,    4.01,   12.19,    4.36,   11.93,    4.08,   10.58,    3.62,   10.80,    3.83,   10.81,    3.82,   68.13,   23.72,     18820,   91.85,  152.06,  136.67,  151.87,  136.44,  151.60,  136.40,  148.67,  134.14,  149.11,  134.63,  148.81,  133.80,  902.12,  812.08,     18820, 1714.20,    970.25,    835.80,   1806.05
2023-04-16,16:20:44.878,   32.92,   12.43,   33.24,   12.72,   32.83,   12.41,   29.94,   11.24,   30.06,   11.70,   30.14,   11.54,  189.14,   72.04,     18620,  261.18,  192.00,   95.31,  191.53,   94.99,  191.32,   94.76,  186.88,   94.11,  187.24,   94.17,  186.36,   94.04, 1135.32,  567.38,     18620, 1702.70,   1324.46,    639.42,   1963.89
2023-04-16,16:20:44.978,   26.20,   11.35,   26.82,   12.05,   26.23,   11.30,   24.33,   10.39,   24.64,   10.72,   24.64,   10.57,  152.86,   66.38,     18816,  219.23,  230.00,   38.53,  231.38,   40.31,  229.47,   38.74,  226.86,   37.47,  229.16,   40.09,  226.95,   37.24, 1373.81,  232.39,     18816, 1606.20,   1526.67,    298.76,   1825.43
2023-04-16,16:20:45.078,   19.46,    6.93,   19.50,    7.10,   19.57,    6.84,   19.09,    6.62,   18.91,    6.82,   18.86,    6.61,  115.38,   40.92,     18630,  156.30,  223.65,   22.25,  223.04,   21.71,  222.84,   21.83,  220.22,   20.81,  220.77,   20.99,  220.53,   21.04, 1331.05,  128.63,     18650, 1459.68,   1446.43,    169.55,   1615.98
2023-04-16,16:20:45.178,   15.25,    5.31,   15.42,    5.64,   15.16,    5.35,   14.05,    4.91,   14.15,    5.12,   14.19,    5.04,   88.21,   31.38,     18806,  119.58,  190.09,   10.47,  189.82,    9.78,  189.19,   10.08,  187.86,    9.54,  187.95,    9.59,  188.26,    9.49, 1133.17,   58.94,     18806, 1192.11,   1221.37,     90.32,   1311.69
2023-04-16,16:20:45.277,   54.70,   59.97,   55.72,   60.90,   55.06,   59.85,   52.71,   56.28,   52.69,   56.75,   52.85,   56.76,  323.73,  350.51,     18620,  674.24,  561.70,  626.02,  559.25,  624.85,  561.48,  626.67,  553.92,  623.94,  554.74,  624.88,  553.89,  624.31, 3345.00, 3750.67,     18780, 7095.67,   3668.73,   4101.18,   7769.91
2023-04-16,16:20:45.377,   30.99,   16.13,   31.59,   16.57,   31.18,   16.28,   29.91,   15.83,   30.24,   16.00,   30.18,   16.02,  184.08,   96.83,     18620,  280.90,   87.27,   51.79,   86.67,   51.73,   87.53,   51.86,   82.62,   50.92,   83.72,   51.21,   83.22,   50.83,  511.03,  308.34,     18630,  819.37,    695.11,    405.17,   1100.27
2023-04-16,16:20:45.478,   12.22,    7.04,   12.27,    7.43,   12.35,    7.09,   12.32,    6.60,   12.51,    6.77,   12.60,    6.82,   74.27,   41.75,     18820,  116.02,   65.59,   24.80,   64.71,   24.63,   65.71,   24.73,   66.59,   23.93,   64.94,   24.14,   64.46,   24.17,  392.01,  146.41,     18810,  538.43,    466.28,    188.16,    654.44
2023-04-16,16:20:45.578,   12.81,    4.95,   12.87,    5.29,   12.64,    4.98,   11.43,    4.35,   11.61,    4.70,   11.54,    4.67,   72.89,   28.95,     18620,  101.84,  107.63,   20.32,  106.71,   20.22,  109.99,   20.20,  112.51,   19.66,  108.39,   19.57,  108.31,   19.50,  653.55,  119.46,     18670,  773.01,    726.44,    148.41,    874.85
2023-04-16,16:20:45.679,   48.01,   28.15,   48.46,   28.93,   48.26,   28.39,   45.30,   26.78,   45.15,   26.71,   44.98,   26.69,  280.17,  165.66,     18800,  445.82,  226.91,   64.46,  226.29,   66.35,  229.55,   67.32,  224.42,   62.85,  225.54,   67.61,  219.91,   62.14, 1352.62,  390.74,     18810, 1743.35,   1632.78,    556.39,   2189.18
2023-04-16,16:20:45.778,   26.56,   11.39,   26.85,   11.70,   26.85,   11.90,   25.28,   11.20,   24.87,   11.11,   24.81,   11.02,  155.22,   68.33,     18640,  223.56,  229.52,   29.21,  226.97,   28.74,  229.48,   28.56,  225.01,   27.69,  225.45,   28.27,  226.00,   28.45, 1362.44,  170.91,     18670, 1533.35,   1517.66,    239.24,   1756.90
2023-04-16,16:20:45.879,  143.88,   64.59,  145.84,   67.14,  143.99,   65.01,  143.13,   66.42,  145.54,   68.27,  142.29,   64.37,  864.66,  395.79,     18820, 1260.45,  420.43,   68.61,  417.86,   68.22,  416.14,   68.45,  413.74,   68.28,  414.03,   68.23,  414.91,   68.24, 2497.12,  410.03,     18890, 2907.15,   3361.77,    805.82,   4167.60
2023-04-16,16:20:45.979,   24.05,    8.93,   24.26,    9.39,   23.96,    9.01,   22.09,    8.03,   22.58,    8.35,   22.78,    8.41,  139.71,   52.12,     18660,  191.84,  312.03,   19.64,  311.78,   19.25,  313.21,   19.39,  309.88,   18.84,  311.23,   18.99,  310.29,   18.38, 1868.43,  114.49,     18690, 1982.92,   2008.14,    166.62,   2174.76
2023-04-16,16:20:46.079,   20.15,    6.82,   19.99,    6.96,   19.94,    6.78,   18.47,    6.12,   18.55,    6.43,   18.57,    6.31,  115.68,   39.42,     18806,  155.09,  343.13,   17.88,  337.85,   17.45,  341.69,   17.86,  337.78,   16.98,  341.10,   17.25,  339.01,   16.83, 2040.57,  104.25,     18856, 2144.82,   2156.25,    143.67,   2299.92
2023-04-16,16:20:46.179,   15.05,    5.81,   15.29,    6.11,   15.00,    6.05,   13.48,    5.40,   13.81,    5.69,   13.48,    5.46,   86.09,   34.52,     18640,  120.61,  367.49,   15.26,  360.85,   14.92,  362.02,   15.27,  363.35,   14.70,  362.27,   14.81,  360.43,   14.25, 2176.41,   89.20,     18630, 2265.61,   2262.51,    123.72,   2386.22
2023-04-16,16:20:46.278,   20.33,    9.19,   20.79,    9.78,   20.70,    9.34,   19.73,    8.71,   20.13,    9.06,   19.71,    8.90,  121.39,   54.97,     18620,  176.37,  438.80,   30.19,  432.13,   29.79,  433.97,   30.31,  433.54,   29.42,  434.49,   29.71,  431.80,   29.46, 2604.72,  178.89,     18700, 2783.62,   2726.11,    233.87,   2959.98
2023-04-16,16:20:46.379,   18.90,    7.10,   19.01,    7.50,   18.79,    7.05,   17.12,    6.37,   17.67,    6.88,   17.22,    6.60,  108.72,   41.49,     18820,  150.21,  444.71,   17.76,  439.77,   17.27,  439.77,   17.64,  440.39,   16.81,  439.36,   17.06,  436.93,   16.93, 2640.94,  103.48,     18890, 2744.41,   2749.65,    144.97,   2894.62
2023-04-16,16:20:46.479,   19.89,    7.28,   20.01,    7.54,   19.71,    7.37,   18.06,    6.57,   18.36,    6.81,   18.17,    6.85,  114.20,   42.42,     18620,  156.62,  472.00,   21.21,  466.73,   20.67,  465.97,   20.86,  465.11,   20.17,  466.85,   20.35,  463.19,   20.03, 2799.85,  123.28,     18720, 2923.14,   2914.05,    165.70,   3079.75
2023-04-16,16:20:46.580,   13.39,    4.27,   13.37,    4.56,   13.05,    4.31,   11.55,    3.66,   12.08,    3.91,   11.90,    3.88,   75.35,   24.58,     18820,   99.93,  490.15,   12.82,  480.94,   12.47,  479.87,   12.88,  479.91,   12.00,  483.76,   12.33,  478.90,   11.86, 2893.53,   74.37,     18890, 2967.90,   2968.88,     98.95,   3067.83
2023-04-16,16:20:46.680,   10.73,    3.78,   10.49,    3.92,   10.33,    3.67,    9.75,    3.27,   10.03,    3.44,   10.02,    3.56,   61.34,   21.64,     18630,   82.98,  511.57,   13.83,  501.34,   13.49,  504.44,   13.65,  502.78,   13.21,  505.36,   13.42,  500.08,   12.99, 3025.57,   80.59,     18820, 3106.16,   3086.91,    102.23,   3189.15
2023-04-16,16:20:46.780,   11.35,    3.55,   11.34,    3.74,   11.39,    3.60,    9.88,    3.00,   10.51,    3.26,   10.11,    3.33,   64.57,   20.48,     18810,   85.05,  536.33,   11.77,  529.06,   11.28,  532.91,   11.70,  529.00,   11.30,  532.00,   11.45,  528.41,   11.06, 3187.71,   68.57,     18910, 3256.29,   3252.28,     89.06,   3341.34
2023-04-16,16:20:46.880,   18.60,    5.65,   18.46,    5.86,   18.48,    5.62,   16.70,    4.94,   16.91,    5.03,   16.71,    5.02,  105.87,   32.12,     18630,  137.99,  566.16,   17.38,  559.26,   17.19,  562.56,   17.53,  558.15,   16.73,  563.13,   16.86,  557.60,   16.75, 3366.86,  102.44,     18800, 3469.30,   3472.73,    134.56,   3607.28
2023-04-16,16:20:46.980,   21.59,    8.65,   21.81,    9.05,   21.40,    8.74,   19.57,    7.76,   19.89,    8.06,   19.83,    7.95,  124.09,   50.21,     18806,  174.30,  602.22,   22.67,  594.39,   22.47,  597.04,   22.51,  591.80,   21.70,  597.32,   21.84,  593.97,   21.42, 3576.75,  132.60,     18906, 3709.34,   3700.84,    182.81,   3883.65
2023-04-16,16:20:47.080,    9.94,    3.31,    9.84,    3.53,    9.79,    3.37,    9.05,    2.76,    9.26,    3.01,    9.37,    3.10,   57.25,   19.09,     18640,   76.34,  587.15,   10.88,  578.79,   10.69,  582.91,   10.94,  579.38,   10.57,  583.36,   10.40,  580.10,   10.32, 3491.68,   63.81,     18670, 3555.49,   3548.93,     82.89,   3631.83
2023-04-16,16:20:47.179,   13.58,    5.13,   13.56,    5.42,   13.34,    5.16,   12.04,    4.82,   12.42,    4.94,   12.13,    4.86,   77.07,   30.33,     18786,  107.39,  617.60,   15.39,  611.89,   15.13,  613.16,   15.21,  610.92,   14.72,  612.59,   14.72,  612.24,   14.51, 3678.40,   89.68,     19018, 3768.08,   3755.47,    120.01,   3875.47
2023-04-16,16:20:47.279,   15.71,    5.69,   15.64,    6.07,   15.55,    5.86,   13.95,    5.09,   13.95,    5.33,   14.09,    5.36,   88.89,   33.39,     18620,  122.27,  623.10,   17.80,  618.45,   17.64,  620.16,   17.82,  615.80,   17.02,  619.53,   17.19,  618.60,   16.91, 3715.63,  104.38,     18680, 3820.01,   3804.52,    137.77,   3942.29
2023-04-16,16:20:47.379,   14.66,    4.61,   14.51,    4.81,   14.35,    4.56,   12.74,    3.95,   12.97,    4.14,   12.89,    4.09,   82.12,   26.17,     18806,  108.29,  651.86,   14.23,  647.92,   13.88,  649.30,   13.89,  642.82,   13.35,  648.53,   13.45,  647.47,   13.06, 3887.90,   81.86,     19007, 3969.76,   3970.02,    108.03,   4078.05
2023-04-16,16:20:47.479,   22.25,   13.28,   22.51,   14.15,   22.10,   13.27,   20.60,   12.10,   20.84,   12.48,   20.96,   12.53,  129.26,   77.81,     18630,  207.07,  674.39,   22.39,  670.59,   21.61,  670.52,   21.62,  663.57,   21.14,  671.39,   21.55,  669.59,   20.64, 4020.06,  128.94,     18690, 4149.00,   4149.32,    206.75,   4356.08
2023-04-16,16:20:47.578,    7.62,    3.15,    7.51,    3.41,    7.51,    3.16,    6.29,    2.78,    6.56,    3.00,    6.46,    2.99,   41.94,   18.48,     18630,   60.43,  666.46,   10.14,  665.16,   10.14,  663.80,   10.11,  658.48,    9.76,  665.18,    9.74,  666.31,    9.60, 3985.39,   59.49,     18750, 4044.88,   4027.33,     77.97,   4105.31
2023-04-16,16:20:47.679,   18.25,    6.76,   18.32,    7.03,   18.15,    6.93,   16.57,    6.19,   16.63,    6.36,   16.56,    6.25,  104.48,   39.52,     18800,  144.00,  697.98,   17.26,  699.87,   16.88,  695.90,   17.01,  691.81,   16.27,  695.51,   16.71,  697.61,   16.53, 4178.68,  100.66,     18930, 4279.34,   4283.17,    140.18,   4423.34
2023-04-16,16:20:47.779,   17.10,    5.71,   16.75,    5.85,   16.71,    5.73,   15.04,    5.06,   15.10,    5.23,   15.02,    5.19,   95.72,   32.76,     18640,  128.48,  702.83,   15.05,  703.58,   14.82,  699.37,   14.99,  694.31,   14.32,  698.86,   14.54,  700.43,   14.26, 4199.39,   87.98,     18830, 4287.37,   4295.11,    120.74,   4415.85
2023-04-16,16:20:47.880,   27.85,   12.08,   28.94,   13.61,   28.00,   12.53,   27.14,   13.16,   26.45,   11.75,   25.77,   11.13,  164.14,   74.25,     18820,  238.39,  727.36,   19.06,  728.11,   18.88,  724.92,   19.44,  718.55,   18.43,  722.21,   18.25,  725.71,   18.09, 4346.86,  112.14,     18950, 4459.01,   4511.00,    186.40,   4697.40
2023-04-16,16:20:47.980,   10.76,    4.93,   10.98,    5.10,   10.71,    4.62,    9.87,    4.26,   10.19,    4.46,    9.93,    4.31,   62.44,   27.68,     18620,   90.12,  725.32,   13.41,  725.29,   13.24,  723.70,   13.31,  718.64,   12.78,  722.82,   12.82,  726.48,   12.97, 4342.24,   78.51,     18800, 4420.76,   4404.68,    106.20,   4510.87
2023-04-16,16:20:48.080,   19.40,    6.50,   19.62,    6.73,   19.11,    6.28,   17.61,    5.76,   17.91,    6.02,   17.54,    5.93,  111.19,   37.23,     18820,  148.42,  744.76,   16.43,  743.48,   16.30,  742.29,   16.34,  736.37,   15.56,  740.73,   15.66,  743.90,   15.58, 4451.53,   95.87,     18950, 4547.40,   4562.72,    133.11,   4695.83
2023-04-16,16:20:48.180,   15.00,    5.92,   15.20,    6.23,   14.86,    5.76,   13.19,    5.05,   13.65,    5.45,   13.07,    5.21,   84.96,   33.61,     18620,  118.58,  734.82,   15.52,  733.71,   15.34,  734.31,   15.50,  729.26,   14.92,  731.43,   14.83,  734.41,   14.71, 4397.93,   90.81,     18770, 4488.74,   4482.89,    124.42,   4607.32
2023-04-16,16:20:48.281,   27.56,   10.88,   27.90,   11.17,   27.43,   10.49,   25.56,    9.58,   25.74,   10.06,   25.36,    9.99,  159.56,   62.16,     18820,  221.72,  769.07,   23.45,  769.75,   23.16,  769.90,   23.50,  764.20,   22.58,  765.96,   22.89,  769.02,   22.76, 4607.89,  138.33,     19110, 4746.22,   4767.44,    200.49,   4967.94
2023-04-16,16:20:48.381,    5.26,    1.97,    5.43,    2.23,    5.23,    1.78,    4.93,    1.76,    5.28,    1.94,    5.05,    1.97,   31.18,   11.64,     18630,   42.82,  736.90,    6.88,  736.51,    6.61,  736.16,    6.79,  733.12,    6.56,  735.60,    6.64,  738.48,    6.50, 4416.77,   39.98,     18780, 4456.75,   4447.95,     51.63,   4499.58
2023-04-16,16:20:48.481,   16.55,    5.91,   16.82,    6.26,   16.44,    5.98,   14.86,    5.28,   14.94,    5.40,   14.99,    5.44,   94.61,   34.28,     18816,  128.89,  759.29,   13.36,  760.09,   13.28,  758.28,   13.44,  753.50,   12.77,  756.01,   12.76,  758.92,   12.86, 4546.10,   78.48,     18947, 4624.58,   4640.70,    112.76,   4753.47
2023-04-16,16:20:48.580,   13.44,    4.45,   13.48,    4.70,   13.24,    4.40,   11.60,    3.92,   12.00,    4.01,   12.01,    4.15,   75.76,   25.64,     18630,  101.40,  757.61,   12.30,  760.28,   11.99,  756.58,   11.98,  752.01,   11.32,  755.88,   11.63,  758.72,   11.10, 4541.09,   70.31,     18950, 4611.40,   4616.85,     95.95,   4712.80
2023-04-16,16:20:48.680,   10.88,    3.50,   11.02,    3.86,   10.78,    3.66,    9.33,    3.06,    9.30,    3.21,    9.56,    3.32,   60.87,   20.60,     18630,   81.47,  754.14,   10.59,  757.40,   10.44,  754.03,   10.52,  748.98,    9.99,  753.60,   10.26,  754.73,    9.99, 4522.88,   61.78,     18750, 4584.66,   4583.75,     82.38,   4666.13
2023-04-16,16:20:48.781,    7.62,    2.84,    7.72,    2.88,    7.48,    2.71,    7.08,    2.48,    7.26,    2.61,    7.16,    2.72,   44.32,   16.25,     18800,   60.57,  765.13,    9.90,  766.92,    9.51,  764.75,    9.85,  762.30,    9.37,  765.40,    9.72,  766.50,    9.41, 4591.01,   57.76,     19010, 4648.78,   4635.33,     74.01,   4709.34
2023-04-16,16:20:48.881,   15.91,    4.84,   15.89,    5.00,   15.80,    4.78,   14.39,    4.28,   14.53,    4.39,   14.45,    4.50,   90.97,   27.78,     18640,  118.76,  777.70,   12.04,  778.88,   11.78,  776.97,   12.10,  772.33,   11.62,  775.50,   11.78,  777.63,   11.56, 4659.01,   70.88,     18840, 4729.89,   4749.99,     98.66,   4848.65
2023-04-16,16:20:48.982,   18.86,    5.64,   18.92,    5.95,   18.60,    5.56,   17.07,    4.96,   17.19,    5.19,   17.46,    5.36,  108.10,   32.66,     18820,  140.76,  800.18,   14.08,  800.52,   13.92,  798.94,   14.13,  793.96,   13.67,  796.77,   13.53,  800.19,   13.50, 4790.55,   82.84,     19140, 4873.39,   4898.65,    115.49,   5014.15
2023-04-16,16:20:49.081,   15.28,    5.13,   15.27,    5.25,   14.90,    4.90,   13.31,    4.40,   13.66,    4.63,   13.63,    4.64,   86.04,   28.96,     18620,  115.00,  795.81,   14.20,  793.61,   14.06,  793.12,   14.11,  788.26,   13.18,  790.94,   13.48,  794.92,   13.20, 4756.65,   82.23,     18790, 4838.88,   4842.70,    111.18,   4953.88
2023-04-16,16:20:49.182,   16.14,    7.49,   16.42,    7.86,   16.23,    7.52,   15.41,    7.04,   15.55,    7.21,   15.37,    7.11,   95.11,   44.23,     18800,  139.34,  803.89,   14.86,  802.15,   14.63,  801.48,   14.75,  797.09,   14.34,  800.73,   14.45,  804.27,   14.40, 4809.61,   87.43,     19040, 4897.04,   4904.72,    131.65,   5036.38
2023-04-16,16:20:49.282,   16.96,    5.53,   17.14,    5.79,   17.06,    5.45,   15.70,    5.09,   15.73,    5.18,   15.89,    5.37,   98.49,   32.41,     18620,  130.90,  807.77,   12.94,  806.94,   12.66,  804.41,   12.70,  799.59,   12.38,  804.23,   12.47,  807.33,   12.46, 4830.28,   75.60,     18870, 4905.88,   4928.76,    108.02,   5036.78
2023-04-16,16:20:49.382,   17.37,    5.97,   17.25,    5.88,   17.12,    5.89,   15.46,    5.10,   15.90,    5.44,   15.68,    5.45,   98.79,   33.73,     18816,  132.52,  821.76,   15.27,  821.05,   14.69,  817.93,   14.82,  812.37,   14.16,  817.59,   14.68,  819.96,   14.01, 4910.66,   87.64,     19240, 4998.30,   5009.45,    121.37,   5130.82
2023-04-16,16:20:49.481,   15.14,    5.91,   15.29,    6.13,   15.00,    5.84,   13.24,    5.26,   13.24,    5.31,   13.54,    5.65,   85.46,   34.10,     18630,  119.55,  811.86,   13.76,  811.09,   13.39,  808.65,   13.61,  802.93,   12.82,  807.14,   13.06,  809.79,   12.85, 4851.47,   79.49,     18870, 4930.95,   4936.92,    113.59,   5050.51
2023-04-16,16:20:49.581,   10.07,    3.71,   10.19,    4.00,   10.19,    3.89,    9.71,    3.30,    9.68,    3.62,    9.78,    3.57,   59.62,   22.10,     18640,   81.72,  819.55,   11.07,  818.35,   10.74,  816.96,   11.00,  811.21,   10.58,  814.85,   10.82,  818.07,   10.42, 4898.99,   64.62,     18880, 4963.61,   4958.61,     86.71,   5045.33
2023-04-16,16:20:49.682,   14.10,    5.88,   14.29,    6.10,   14.00,    5.89,   12.82,    5.35,   12.60,    5.55,   12.81,    5.62,   80.61,   34.39,     18800,  115.00,  861.12,   15.11,  861.12,   14.79,  859.74,   14.87,  854.05,   14.37,  858.41,   14.76,  860.62,   14.47, 5155.06,   88.36,     19090, 5243.42,   5235.67,    122.75,   5358.42
2023-04-16,16:20:49.782,   14.53,    5.47,   14.79,    5.67,   14.68,    5.59,   12.95,    4.80,   13.38,    5.22,   13.13,    5.01,   83.45,   31.76,     18640,  115.21,  837.32,   15.09,  837.82,   14.44,  835.89,   14.72,  829.78,   13.96,  834.89,   14.29,  836.54,   14.00, 5012.24,   86.50,     18890, 5098.75,   5095.70,    118.26,   5213.96
2023-04-16,16:20:49.883,   26.63,   10.28,   26.73,   10.35,   26.69,   10.45,   23.64,    9.23,   23.74,    9.35,   23.67,    9.23,  151.09,   58.89,     18820,  209.98,  868.01,   28.86,  867.10,   28.66,  867.77,   28.93,  858.37,   27.86,  862.92,   28.08,  864.00,   27.70, 5188.17,  170.09,     19090, 5358.26,   5339.26,    228.98,   5568.24
2023-04-16,16:20:49.982,   19.44,    7.58,   19.66,    7.80,   19.26,    7.35,   17.99,    6.52,   18.34,    6.99,   18.21,    6.78,  112.90,   43.02,     18620,  155.91,  859.87,   19.93,  857.74,   19.47,  857.95,   20.05,  851.06,   19.13,  856.27,   19.14,  856.48,   18.90, 5139.37,  116.62,     18910, 5255.99,   5252.27,    159.63,   5411.90
2023-04-16,16:20:50.082,    7.60,    3.20,    7.57,    3.29,    7.47,    3.08,    6.70,    2.71,    6.91,    2.97,    6.92,    2.99,   43.18,   18.25,     18826,   61.43,  854.20,    8.99,  851.44,    9.00,  852.20,    9.03,  847.90,    8.50,  851.76,    8.67,  851.24,    8.72, 5108.74,   52.91,     19006, 5161.65,   5151.92,     71.16,   5223.08
2023-04-16,16:20:50.182,   11.28,    3.89,   11.38,    4.27,   11.04,    3.86,    9.72,    3.47,    9.81,    3.60,    9.90,    3.65,   63.12,   22.73,     18610,   85.85,  845.83,   11.14,  844.28,   11.01,  843.63,   11.30,  838.45,   10.69,  842.79,   10.69,  842.16,   10.52, 5057.15,   65.35,     18910, 5122.49,   5120.27,     88.08,   5208.35
2023-04-16,16:20:50.282,   24.03,    9.60,   23.82,    9.39,   23.84,    9.21,   21.76,    8.27,   22.14,    8.97,   21.84,    8.50,  137.42,   53.94,     18836,  191.36,  887.22,   20.57,  885.45,   20.48,  884.44,   20.70,  879.09,   19.90,  883.14,   19.81,  883.13,   19.86, 5302.47,  121.31,     19230, 5423.78,   5439.89,    175.25,   5615.14
2023-04-16,16:20:50.382,   10.95,    3.41,   11.06,    3.75,   11.00,    3.60,    9.62,    3.02,    9.77,    3.35,    9.94,    3.27,   62.33,   20.40,     18630,   82.73,  841.62,    9.08,  839.25,    8.81,  838.39,    8.99,  833.95,    8.26,  838.17,    8.63,  837.75,    8.40, 5029.13,   52.17,     18820, 5081.30,   5091.46,     72.57,   5164.03
2023-04-16,16:20:50.481,    8.79,    3.44,    8.96,    3.67,    8.97,    3.48,    8.33,    3.05,    8.33,    3.23,    8.52,    3.39,   51.91,   20.26,     18630,   72.17,  847.82,    9.06,  844.32,    8.76,  843.23,    8.75,  839.72,    8.52,  843.97,    8.98,  843.86,    8.59, 5062.91,   52.68,     18880, 5115.58,   5114.81,     72.94,   5187.75
2023-04-16,16:20:50.582,   17.02,    6.37,   17.44,    6.77,   17.10,    6.39,   15.37,    5.74,   15.34,    5.78,   15.66,    5.91,   97.93,   36.96,     18800,  134.89,  879.76,   15.19,  876.14,   15.03,  874.43,   15.00,  870.59,   14.29,  873.94,   14.55,  872.97,   14.47, 5247.83,   88.54,     18920, 5336.37,   5345.76,    125.50,   5471.26
2023-04-16,16:20:50.682,   12.04,    4.12,   12.31,    4.52,   12.03,    4.25,   10.74,    3.85,   10.74,    3.81,   10.74,    3.93,   68.59,   24.47,     18600,   93.07,  849.14,   12.14,  848.93,   11.82,  845.86,   12.08,  843.09,   11.48,  845.01,   11.53,  845.62,   11.27, 5077.64,   70.32,     18770, 5147.96,   5146.24,     94.79,   5241.02
2023-04-16,16:20:50.783,   32.22,   17.34,   32.50,   17.46,   32.20,   17.20,   29.43,   15.51,   29.75,   15.89,   29.83,   16.07,  185.93,   99.48,     18820,  285.41,  951.56,   42.39,  952.16,   43.24,  949.57,   43.60,  941.23,   40.53,  946.71,   43.07,  943.16,   40.13, 5684.39,  252.95,     19140, 5937.35,   5870.32,    352.44,   6222.76
2023-04-16,16:20:50.882,   10.89,    4.29,   10.68,    4.46,   10.71,    4.07,   10.38,    3.89,   10.45,    4.18,   10.32,    4.16,   63.42,   25.06,     18620,   88.48,  889.30,   11.02,  888.73,   10.81,  886.39,   11.04,  882.98,   10.74,  887.43,   10.85,  884.89,   10.59, 5319.72,   65.06,     18830, 5384.78,   5383.14,     90.12,   5473.26
2023-04-16,16:20:50.983,   16.17,    5.90,   15.98,    5.84,   15.94,    5.70,   14.26,    5.00,   14.54,    5.20,   14.55,    5.22,   91.42,   32.86,     18820,  124.28,  898.77,   13.10,  898.35,   12.84,  896.71,   13.09,  893.11,   12.42,  895.84,   12.47,  893.91,   11.95, 5376.69,   75.87,     19030, 5452.55,   5468.11,    108.72,   5576.83
2023-04-16,16:20:51.083,   13.98,    4.91,   14.39,    5.17,   14.23,    5.04,   12.66,    4.42,   12.73,    4.59,   12.60,    4.57,   80.59,   28.70,     18620,  109.30,  883.94,   13.58,  884.47,   13.41,  882.22,   13.40,  879.22,   12.81,  881.42,   12.81,  879.50,   12.52, 5290.77,   78.52,     18730, 5369.29,   5371.36,    107.22,   5478.58
2023-04-16,16:20:51.184,   14.12,    5.53,   14.32,    5.67,   14.24,    5.54,   12.48,    4.93,   12.41,    5.05,   12.54,    4.94,   80.11,   31.66,     18830,  111.77,  889.65,   13.72,  890.40,   13.30,  888.31,   13.52,  885.20,   13.03,  888.14,   13.37,  886.21,   12.65, 5327.91,   79.59,     19000, 5407.50,   5408.01,    111.25,   5519.26
2023-04-16,16:20:51.284,   14.92,    5.31,   15.11,    5.52,   15.06,    5.32,   14.49,    4.95,   14.84,    5.20,   14.43,    5.03,   88.85,   31.32,     18630,  120.17,  893.82,   15.16,  893.84,   14.88,  892.71,   15.22,  890.03,   14.78,  892.94,   14.66,  891.04,   14.38, 5354.39,   89.08,     18800, 5443.47,   5443.23,    120.40,   5563.63
2023-04-16,16:20:51.383,   12.61,    5.60,   12.54,    5.80,   12.58,    5.60,   11.28,    5.26,   11.37,    5.41,   11.53,    5.45,   71.91,   33.13,     18816,  105.04,  890.92,    9.38,  891.30,    8.99,  889.61,    9.16,  887.19,    8.84,  890.05,    9.18,  887.56,    8.83, 5336.64,   54.37,     19027, 5391.01,   5408.55,     87.51,   5496.05
2023-04-16,16:20:51.483,   15.08,    5.75,   15.29,    5.80,   15.16,    5.86,   13.57,    5.18,   13.54,    5.42,   13.55,    5.19,   86.20,   33.19,     18620,  119.39,  882.82,   13.11,  883.47,   12.59,  881.71,   13.26,  878.37,   12.36,  880.88,   12.46,  878.92,   12.18, 5286.17,   75.98,     18790, 5362.15,   5372.37,    109.17,   5481.54
2023-04-16,16:20:51.583,   12.27,    5.06,   12.36,    5.29,   12.22,    5.00,   10.81,    4.64,   11.04,    4.82,   10.96,    4.77,   69.67,   29.57,     18630,   99.24,  881.10,   12.90,  881.12,   12.55,  880.09,   12.88,  876.17,   12.02,  879.82,   12.35,  876.90,   11.88, 5275.21,   74.57,     18800, 5349.78,   5344.88,    104.14,   5449.02
2023-04-16,16:20:51.684,   34.09,   19.38,   34.37,   19.31,   34.64,   20.04,   33.22,   18.58,   33.25,   18.47,   32.68,   17.91,  202.25,  113.70,     18820,  315.95,  950.55,   37.74,  952.12,   39.51,  955.81,   44.10,  944.78,   37.17,  948.22,   35.81,  947.24,   36.81, 5698.72,  231.15,     19160, 5929.87,   5900.98,    344.85,   6245.83
2023-04-16,16:20:51.784,   14.23,    5.34,   14.28,    5.49,   14.30,    5.31,   12.97,    4.92,   13.02,    5.26,   12.80,    4.98,   81.60,   31.30,     18650,  112.90,  903.68,   12.17,  903.19,   11.66,  905.22,   12.05,  898.34,   11.45,  900.97,   11.64,  900.82,   11.37, 5412.22,   70.34,     18820, 5482.56,   5493.82,    101.64,   5595.46
2023-04-16,16:20:51.884,   17.74,    6.76,   17.78,    6.77,   17.61,    6.61,   15.88,    5.94,   16.19,    6.25,   16.06,    6.06,  101.26,   38.39,     18800,  139.64,  914.86,   16.73,  913.28,   16.30,  916.47,   16.68,  909.43,   15.49,  911.48,   15.68,  911.45,   15.62, 5476.97,   96.51,     19090, 5573.48,   5578.23,    134.90,   5713.12
2023-04-16,16:20:51.984,   14.77,    5.88,   14.71,    6.00,   14.43,    5.66,   12.88,    5.16,   13.14,    5.34,   13.09,    5.13,   83.02,   33.18,     18640,  116.19,  903.35,   13.11,  901.61,   12.77,  905.55,   13.22,  899.29,   12.17,  901.21,   12.60,  900.87,   12.02, 5411.87,   75.89,     18870, 5487.77,   5494.89,    109.07,   5603.96
2023-04-16,16:20:52.084,   10.66,    3.94,   10.75,    4.16,   10.52,    3.82,    9.86,    3.34,   10.18,    3.68,   10.18,    3.61,   62.15,   22.55,     18806,   84.70,  900.71,    9.91,  899.96,    9.67,  904.03,    9.75,  898.69,    9.40,  900.76,    9.61,  900.67,    9.18, 5404.81,   57.52,     19017, 5462.34,   5466.96,     80.08,   5547.04
2023-04-16,16:20:52.184,    5.20,    2.28,    5.30,    2.46,    5.09,    2.25,    4.10,    2.07,    4.19,    2.14,    4.26,    2.22,   28.15,   13.43,     18620,   41.58,  884.47,    6.58,  882.69,    6.26,  887.13,    6.40,  882.23,    6.31,  883.45,    6.18,  883.50,    5.94, 5303.46,   37.66,     18980, 5341.12,   5331.61,     51.09,   5382.70
2023-04-16,16:20:52.284,   67.28,   39.69,   69.96,   42.89,   66.79,   39.35,   65.18,   39.25,   64.34,   38.62,   63.27,   37.55,  396.81,  237.35,     18806,  634.16, 1015.48,   62.29, 1017.44,   66.14, 1017.81,   64.07, 1009.01,   62.69, 1011.58,   63.13, 1010.63,   62.71, 6081.96,  381.02,     19098, 6462.98,   6478.77,    618.38,   7097.15
2023-04-16,16:20:52.383,   17.12,    7.12,   17.24,    7.55,   16.96,    7.15,   15.53,    6.49,   15.77,    6.82,   15.78,    6.80,   98.40,   41.94,     18680,  140.34,  922.05,   15.36,  922.09,   15.03,  924.94,   15.37,  916.82,   14.61,  920.18,   14.64,  918.81,   14.40, 5524.89,   89.42,     18770, 5614.31,   5623.29,    131.36,   5754.65
2023-04-16,16:20:52.483,   13.92,    5.68,   14.38,    6.13,   14.28,    5.93,   13.45,    5.28,   13.39,    5.51,   13.61,    5.58,   83.03,   34.11,     18630,  117.14,  914.43,   12.60,  914.84,   12.25,  917.73,   12.41,  911.73,   12.19,  914.80,   12.33,  913.16,   11.67, 5486.69,   73.45,     18980, 5560.15,   5569.73,    107.56,   5677.29
2023-04-16,16:20:52.584,   30.33,   17.92,   30.83,   18.47,   30.93,   18.52,   28.94,   17.54,   28.74,   17.41,   28.63,   17.15,  178.40,  107.01,     18820,  285.41,  983.86,   38.09,  985.02,   38.37,  990.06,   40.78,  979.35,   36.73,  983.11,   40.55,  978.16,   35.19, 5899.56,  229.71,     19010, 6129.27,   6077.96,    336.72,   6414.68
2023-04-16,16:20:52.684,   20.60,    8.47,   20.38,    8.46,   20.23,    8.41,   18.32,    7.26,   18.78,    7.88,   18.60,    7.43,  116.91,   47.90,     18640,  164.81,  949.44,   16.78,  950.20,   16.59,  952.86,   16.73,  945.12,   16.02,  947.91,   16.08,  945.16,   15.88, 5690.69,   98.09,     18870, 5788.77,   5807.60,    145.99,   5953.58
2023-04-16,16:20:52.785,   17.58,    6.15,   17.93,    6.36,   17.56,    6.05,   15.99,    5.48,   16.14,    5.72,   16.17,    5.67,  101.38,   35.41,     18820,  136.79,  942.81,   12.99,  944.77,   12.65,  945.49,   12.88,  939.32,   12.38,  942.05,   12.39,  940.17,   12.16, 5654.61,   75.45,     19130, 5730.06,   5755.99,    110.86,   5866.86
2023-04-16,16:20:52.884,   16.58,    5.33,   16.72,    5.67,   16.44,    5.40,   15.15,    4.87,   15.42,    5.10,   15.27,    5.00,   95.58,   31.37,     18630,  126.95,  922.10,   13.65,  924.56,   13.39,  925.29,   13.47,  919.54,   13.06,  921.61,   12.95,  921.35,   12.79, 5534.47,   79.31,     18930, 5613.78,   5630.05,    110.68,   5740.72
2023-04-16,16:20:52.984,    9.58,    3.58,    9.73,    3.86,    9.51,    3.67,    8.87,    3.25,    8.92,    3.53,    9.24,    3.61,   55.86,   21.50,     18826,   77.36,  927.67,    9.78,  930.54,    9.58,  932.27,    9.75,  926.52,    9.57,  929.01,    9.64,  928.06,    9.36, 5574.06,   57.68,     18978, 5631.74,   5629.92,     79.18,   5709.10
2023-04-16,16:20:53.084,   13.24,    4.41,   13.44,    4.65,   13.26,    4.46,   11.80,    3.85,   11.71,    3.98,   11.97,    4.07,   75.42,   25.42,     18620,  100.83,  920.19,   12.34,  921.70,   12.12,  923.26,   12.04,  917.19,   11.70,  920.88,   11.70,  919.22,   11.47, 5522.45,   71.38,     18890, 5593.83,   5597.87,     96.80,   5694.66
2023-04-16,16:20:53.184,   10.29,    3.61,   10.54,    3.86,   10.28,    3.67,    9.00,    3.16,    8.88,    3.34,    9.31,    3.41,   58.30,   21.06,     18640,   79.35,  909.35,    9.56,  910.67,    9.11,  913.13,    9.48,  906.49,    9.00,  911.08,    9.03,  908.83,    8.68, 5459.55,   54.85,     18780, 5514.40,   5517.85,     75.90,   5593.75
2023-04-16,16:20:53.285,   16.61,    5.79,   16.97,    6.23,   16.88,    6.03,   15.04,    5.30,   15.24,    5.41,   15.16,    5.46,   95.89,   34.23,     18800,  130.12,  930.22,   15.36,  932.34,   14.87,  933.82,   14.96,  926.48,   14.47,  931.08,   14.50,  929.81,   14.13, 5583.76,   88.30,     19020, 5672.06,   5679.65,    122.53,   5802.18
2023-04-16,16:20:53.384,    8.93,    4.09,    9.39,    4.87,    8.85,    4.08,    8.73,    4.15,    8.99,    4.41,    9.26,    4.57,   54.15,   26.16,     18620,   80.31,  912.71,    8.69,  915.18,    8.48,  916.90,    8.92,  912.53,    8.75,  916.00,    9.27,  914.20,    8.48, 5487.52,   52.59,     18850, 5540.11,   5541.67,     78.75,   5620.42
2023-04-16,16:20:53.485,   10.99,    3.93,   11.11,    4.07,   10.96,    3.99,    9.41,    3.40,    9.39,    3.45,    9.65,    3.60,   61.51,   22.45,     18820,   83.96,  919.89,   10.81,  921.80,   10.22,  923.43,   10.53,  917.15,   10.08,  920.35,   10.35,  918.76,   10.02, 5521.38,   62.01,     19110, 5583.39,   5582.89,     84.46,   5667.35
2023-04-16,16:20:53.585,   11.76,    4.42,   11.75,    4.60,   11.67,    4.54,   10.20,    3.92,   10.32,    4.08,   10.43,    4.09,   66.13,   25.64,     18660,   91.77,  916.37,   11.98,  919.02,   11.72,  918.97,   11.78,  912.95,   11.51,  917.38,   11.49,  916.13,   11.35, 5500.82,   69.83,     18900, 5570.65,   5566.95,     95.48,   5662.42
2023-04-16,16:20:53.685,   17.99,    6.68,   17.99,    6.86,   17.99,    6.67,   16.39,    6.01,   16.46,    6.31,   16.55,    6.29,  103.37,   38.82,     18816,  142.19,  936.69,   17.67,  938.73,   16.96,  938.74,   17.12,  932.49,   16.67,  936.79,   16.71,  936.81,   16.41, 5620.26,  101.54,     19107, 5721.79,   5723.63,    140.35,   5863.98
2023-04-16,16:20:53.785,   13.18,    5.50,   13.72,    5.78,   13.68,    5.80,   13.17,    5.41,   12.99,    5.60,   12.98,    5.34,   79.73,   33.43,     18630,  113.16,  922.03,   14.45,  922.77,   13.76,  922.43,   14.07,  918.24,   13.47,  922.90,   14.40,  921.71,   13.50, 5530.08,   83.65,     19080, 5613.73,   5609.81,    117.08,   5726.89
2023-04-16,16:20:53.885,   16.04,    6.51,   16.21,    6.60,   16.24,    6.67,   14.79,    6.11,   14.76,    6.11,   14.59,    6.09,   92.63,   38.10,     18620,  130.73,  929.32,   15.61,  930.69,   15.57,  930.67,   15.49,  925.63,   15.07,  928.87,   14.98,  928.79,   15.02, 5573.98,   91.74,     18830, 5665.72,   5666.61,    129.84,   5796.45
2023-04-16,16:20:53.985,   16.45,    5.83,   16.60,    5.94,   16.59,    5.99,   14.82,    5.26,   15.03,    5.43,   14.95,    5.31,   94.45,   33.76,     18820,  128.21,  946.57,   14.07,  948.41,   13.67,  948.61,   14.03,  943.06,   13.31,  945.47,   13.37,  945.02,   13.25, 5677.14,   81.71,     19090, 5758.85,   5771.59,    115.47,   5887.06
2023-04-16,16:20:54.085,   25.96,    7.74,   25.79,    7.87,   25.94,    7.84,   24.30,    7.08,   24.35,    7.23,   24.55,    7.45,  150.89,   45.21,     18620,  196.10,  948.79,   18.72,  952.19,   18.51,  951.78,   18.66,  945.70,   17.99,  947.42,   18.02,  947.84,   17.74, 5693.71,  109.64,     18780, 5803.35,   5844.60,    154.85,   5999.45
2023-04-16,16:20:54.186,   18.78,    5.69,   19.07,    6.25,   18.99,    5.84,   18.66,    5.88,   18.45,    5.87,   18.25,    5.81,  112.20,   35.34,     18820,  147.54,  944.15,   14.67,  947.44,   14.41,  946.38,   14.62,  942.33,   14.17,  944.20,   14.93,  944.77,   13.69, 5669.27,   86.48,     19090, 5755.75,   5781.47,    121.82,   5903.29
2023-04-16,16:20:54.286,   27.66,   12.87,   27.62,   13.07,   27.99,   13.03,   26.15,   12.36,   25.91,   12.51,   25.72,   12.04,  161.06,   75.88,     18620,  236.94,  965.38,   22.58,  966.56,   21.88,  967.64,   22.43,  961.31,   21.50,  963.00,   21.68,  964.58,   21.58, 5788.47,  131.66,     18930, 5920.13,   5949.53,    207.54,   6157.07
2023-04-16,16:20:54.387,   42.44,   22.86,   42.60,   22.90,   42.71,   23.43,   39.29,   21.59,   40.60,   22.75,   39.71,   21.76,  247.35,  135.29,     18830,  382.64, 1014.83,   37.29, 1015.45,   37.57, 1016.97,   38.29, 1006.96,   35.70, 1009.76,   36.39, 1011.47,   36.38, 6075.44,  221.61,     18920, 6297.05,   6322.79,    356.90,   6679.69
2023-04-16,16:20:54.486,   19.82,    7.60,   19.99,    7.90,   19.90,    7.69,   18.21,    6.88,   18.27,    7.16,   18.33,    7.12,  114.52,   44.35,     18640,  158.87,  956.30,   15.94,  955.48,   15.85,  956.51,   16.11,  951.18,   15.29,  953.00,   15.22,  953.51,   14.99, 5725.98,   93.39,     18810, 5819.37,   5840.50,    137.75,   5978.24
2023-04-16,16:20:54.586,   20.46,    7.24,   19.99,    7.08,   20.40,    6.85,   20.10,    7.09,   19.37,    6.39,   19.95,    7.05,  120.29,   41.69,     18640,  161.98,  955.40,   14.02,  953.80,   13.77,  955.71,   13.91,  952.27,   13.61,  952.52,   13.75,  953.77,   13.43, 5723.47,   82.49,     18870, 5805.96,   5843.76,    124.18,   5967.94
2023-04-16,16:20:54.687,    6.78,    3.06,    6.88,    3.26,    6.77,    3.07,    5.61,    2.75,    5.83,    2.82,    5.68,    2.98,   37.54,   17.94,     18800,   55.49,  944.62,    8.17,  943.25,    8.03,  944.02,    8.00,  940.86,    7.81,  941.52,    7.84,  942.86,    7.76, 5657.12,   47.61,     19090, 5704.73,   5694.67,     65.55,   5760.22
2023-04-16,16:20:54.787,   14.82,    4.94,   14.63,    5.04,   14.69,    4.90,   13.19,    4.31,   13.52,    4.61,   13.17,    4.42,   84.02,   28.22,     18630,  112.25,  971.03,   11.85,  968.63,   11.42,  970.89,   11.60,  965.96,   11.14,  966.74,   10.96,  968.43,   10.96, 5811.68,   67.93,     18810, 5879.61,   5895.70,     96.15,   5991.85
2023-04-16,16:20:54.888,   19.83,    7.09,   19.99,    7.25,   19.74,    6.97,   17.88,    6.27,   18.16,    6.63,   18.00,    6.33,  113.60,   40.54,     18820,  154.14,  966.54,   16.87,  963.92,   16.68,  967.43,   16.88,  961.88,   16.04,  960.83,   16.24,  963.24,   15.82, 5783.85,   98.53,     19200, 5882.38,   5897.44,    139.07,   6036.51
2023-04-16,16:20:54.987,   24.70,   11.35,   25.24,   12.15,   25.31,   11.81,   24.34,   12.33,   24.01,   11.14,   22.75,    9.77,  146.35,   68.56,     18640,  214.91,  962.38,   16.61,  959.80,   16.40,  963.55,   16.68,  958.25,   16.17,  958.13,   16.11,  960.31,   15.98, 5762.41,   97.96,     18820, 5860.37,   5908.76,    166.52,   6075.28
2023-04-16,16:20:55.087,   10.89,    4.94,   11.11,    5.16,   10.94,    4.98,    9.83,    4.54,   10.06,    4.87,    9.89,    4.59,   62.71,   29.08,     18816,   91.80,  966.28,   11.43,  963.73,   11.40,  967.05,   11.49,  962.89,   11.18,  962.55,   11.27,  964.34,   11.19, 5786.84,   67.95,     19149, 5854.79,   5849.55,     97.04,   5946.58
2023-04-16,16:20:55.187,   13.78,    4.44,   13.95,    4.76,   13.69,    4.54,   12.16,    3.98,   12.31,    4.12,   12.28,    3.98,   78.17,   25.84,     18630,  104.00,  952.97,   11.30,  949.92,   11.02,  952.54,   11.22,  948.44,   10.68,  948.70,   10.88,  949.92,   10.57, 5702.50,   65.67,     18770, 5768.17,   5780.67,     91.50,   5872.17
2023-04-16,16:20:55.287,   17.15,    6.53,   17.24,    6.92,   17.29,    6.75,   15.62,    6.07,   15.82,    6.38,   15.55,    6.10,   98.69,   38.75,     18806,  137.44,  968.93,   14.21,  966.03,   14.03,  968.83,   13.91,  964.64,   13.50,  964.63,   13.54,  965.81,   13.41, 5798.86,   82.60,     18976, 5881.46,   5897.55,    121.35,   6018.90
2023-04-16,16:20:55.386,   13.24,    4.62,   13.28,    4.96,   13.29,    4.85,   11.68,    3.95,   11.99,    4.37,   11.85,    4.20,   75.34,   26.95,     18620,  102.29,  949.95,   12.39,  947.09,   12.07,  950.49,   12.21,  945.98,   11.67,  946.27,   11.71,  946.36,   11.33, 5686.14,   71.37,     18860, 5757.51,   5761.48,     98.32,   5859.80
2023-04-16,16:20:55.486,    6.28,    2.98,    6.46,    3.24,    6.44,    2.98,    5.95,    2.73,    6.01,    2.83,    6.05,    2.97,   37.18,   17.73,     18796,   54.91,  949.78,    8.62,  947.58,    8.60,  950.51,    8.76,  947.69,    8.61,  947.74,    8.57,  947.94,    8.38, 5691.23,   51.53,     19118, 5742.76,   5728.42,     69.26,   5797.67
2023-04-16,16:20:55.586,   12.98,    5.12,   13.06,    5.38,   12.99,    5.11,   11.47,    4.58,   11.64,    4.85,   11.51,    4.79,   73.66,   29.83,     18640,  103.49,  949.31,   14.03,  946.75,   13.56,  949.59,   13.66,  945.07,   13.07,  945.99,   13.34,  945.46,   13.19, 5682.16,   80.86,     19010, 5763.02,   5755.82,    110.69,   5866.51
2023-04-16,16:20:55.686,   24.84,   11.47,   25.11,   11.84,   25.02,   11.56,   23.05,   10.64,   23.23,   10.82,   22.86,   10.53,  144.13,   66.86,     18806,  210.98,  985.05,   23.74,  982.10,   23.60,  984.54,   23.70,  978.91,   22.76,  980.43,   22.90,  980.97,   22.78, 5892.01,  139.49,     19281, 6031.49,   6036.13,    206.35,   6242.48
2023-04-16,16:20:55.786,   16.92,    6.28,   17.01,    6.46,   16.87,    6.46,   15.11,    5.79,   15.38,    5.94,   15.13,    5.72,   96.42,   36.65,     18630,  133.07,  972.06,   15.02,  968.95,   14.95,  972.04,   14.91,  966.16,   14.54,  967.15,   14.65,  968.49,   14.44, 5814.85,   88.51,     19020, 5903.36,   5911.27,    125.15,   6036.42
2023-04-16,16:20:55.885,    8.83,    3.24,    9.09,    3.52,    9.01,    3.35,    8.59,    3.02,    8.46,    3.15,    8.73,    3.16,   52.71,   19.43,     18640,   72.14,  964.97,    9.29,  962.42,    9.15,  964.22,    9.39,  961.23,    9.15,  960.92,    9.04,  962.36,    8.81, 5776.12,   54.83,     19200, 5830.95,   5828.82,     74.27,   5903.09
2023-04-16,16:20:55.986,   14.27,    5.38,   14.23,    5.46,   14.10,    5.37,   12.42,    4.69,   12.68,    4.69,   12.69,    4.78,   80.38,   30.37,     18810,  110.75,  978.96,   12.24,  977.16,   12.09,  978.60,   12.32,  974.41,   11.67,  974.61,   11.74,  975.44,   11.43, 5859.19,   71.49,     19110, 5930.67,   5939.57,    101.85,   6041.43
2023-04-16,16:20:56.086,   16.58,    5.12,   16.96,    5.44,   16.83,    5.27,   15.14,    4.73,   15.31,    4.78,   15.13,    4.69,   95.95,   30.04,     18630,  125.99,  979.61,   14.17,  976.42,   13.92,  979.11,   14.37,  974.18,   13.84,  974.65,   13.67,  974.74,   13.39, 5858.72,   83.36,     18950, 5942.09,   5954.68,    113.40,   6068.08
2023-04-16,16:20:56.187,   10.37,    3.82,   10.73,    4.13,   10.51,    3.90,    9.00,    3.32,    9.14,    3.37,    9.08,    3.43,   58.83,   21.97,     18810,   80.80,  977.85,   10.29,  974.79,   10.16,  977.72,   10.25,  973.27,    9.77,  972.91,    9.76,  974.24,    9.61, 5850.78,   59.84,     19040, 5910.62,   5909.60,     81.81,   5991.42
2023-04-16,16:20:56.286,   19.48,    8.53,   19.73,    9.01,   19.84,    8.70,   18.71,    8.06,   18.55,    8.17,   18.38,    7.95,  114.70,   50.41,     18630,  165.11,  991.29,   19.91,  989.35,   19.89,  991.92,   19.98,  987.49,   19.59,  987.00,   19.78,  988.22,   19.38, 5935.27,  118.52,     18820, 6053.79,   6049.97,    168.94,   6218.90
2023-04-16,16:20:56.386,    9.37,    4.14,    9.39,    4.34,    9.28,    4.11,    8.08,    3.76,    8.14,    3.75,    8.27,    3.93,   52.54,   24.02,     18806,   76.56,  974.19,    8.12,  971.55,    7.88,  974.37,    7.96,  971.04,    7.56,  969.71,    7.83,  971.51,    7.52, 5832.38,   46.86,     19058, 5879.24,   5884.91,     70.89,   5955.80
2023-04-16,16:20:56.486,   16.27,    6.97,   16.58,    7.47,   16.44,    7.10,   14.67,    6.36,   14.88,    6.57,   14.81,    6.59,   93.67,   41.05,     18620,  134.72,  974.49,   14.72,  971.17,   14.47,  973.43,   14.72,  968.67,   14.02,  968.67,   14.19,  969.82,   14.02, 5826.25,   86.15,     18840, 5912.40,   5919.92,    127.21,   6047.12
2023-04-16,16:20:56.586,   13.02,    4.49,   13.22,    4.72,   13.17,    4.59,   11.61,    3.97,   11.58,    4.02,   11.67,    4.07,   74.27,   25.87,     18826,  100.13,  973.01,   12.02,  970.79,   11.81,  972.51,   11.84,  967.70,   11.30,  968.11,   11.46,  969.58,   11.43, 5821.70,   69.86,     19069, 5891.56,   5895.97,     95.72,   5991.69
2023-04-16,16:20:56.686,    9.29,    3.56,    9.59,    3.95,    9.63,    3.75,    8.94,    3.29,    9.04,    3.46,    8.95,    3.40,   55.44,   21.40,     18620,   76.84,  964.53,   10.33,  963.05,   10.45,  963.90,   10.58,  961.00,   10.27,  961.17,   10.14,  962.29,    9.93, 5775.93,   61.70,     18900, 5837.63,   5831.37,     83.09,   5914.47
2023-04-16,16:20:56.785,   23.65,   10.90,   21.80,    9.05,   21.60,    8.75,   20.29,    8.49,   20.69,    8.83,   20.73,    9.11,  128.76,   55.12,     18620,  183.87,  965.42,   10.18,  964.34,   10.05,  964.17,    9.85,  960.45,    9.44,  960.77,    9.72,  962.09,    9.67, 5777.24,   58.90,     18840, 5836.14,   5905.99,    114.02,   6020.01
2023-04-16,16:20:56.886,   19.54,    6.28,   19.52,    6.46,   19.59,    6.20,   17.85,    5.44,   17.88,    5.74,   17.74,    5.75,  112.12,   35.86,     18820,  147.98,  986.93,   14.23,  987.29,   14.19,  986.83,   14.36,  982.35,   13.70,  982.52,   13.80,  983.51,   13.71, 5909.43,   83.99,     19030, 5993.42,   6021.54,    119.86,   6141.40
2023-04-16,16:20:56.986,   15.81,    5.87,   15.85,    6.13,   15.91,    6.03,   14.09,    5.33,   14.33,    5.57,   14.23,    5.43,   90.20,   34.37,     18640,  124.57,  977.18,   13.75,  977.95,   13.47,  976.91,   13.56,  973.20,   13.00,  973.35,   13.23,  973.88,   12.95, 5852.47,   79.97,     18890, 5932.44,   5942.67,    114.34,   6057.01
2023-04-16,16:20:57.087,   14.19,    4.83,   14.42,    4.86,   14.25,    4.84,   13.23,    4.20,   13.47,    4.47,   13.45,    4.43,   83.00,   27.62,     18820,  110.63,  980.01,   12.40,  980.74,   11.99,  979.58,   12.22,  976.47,   11.93,  977.46,   12.07,  977.51,   11.91, 5871.78,   72.52,     18970, 5944.31,   5954.79,    100.15,   6054.93
2023-04-16,16:20:57.187,    5.19,    2.40,    5.44,    2.60,    5.18,    2.30,    4.26,    2.05,    4.40,    2.24,    4.27,    2.18,   28.74,   13.78,     18620,   42.52,  954.06,    6.54,  954.13,    6.29,  953.75,    6.55,  950.33,    6.34,  951.40,    6.49,  951.78,    6.33, 5715.45,   38.55,     19020, 5753.99,   5744.19,     52.32,   5796.51
2023-04-16,16:20:57.287,   15.37,    5.66,   15.43,    5.98,   15.34,    5.60,   13.69,    5.06,   13.76,    5.26,   13.68,    5.25,   87.27,   32.82,     18800,  120.08,  979.28,   13.66,  979.62,   13.36,  978.55,   13.67,  974.68,   13.06,  974.97,   13.06,  975.24,   12.89, 5862.33,   79.71,     19010, 5942.04,   5949.60,    112.53,   6062.13
2023-04-16,16:20:57.387,   10.14,    3.58,   10.24,    3.74,   10.12,    3.58,    8.76,    3.19,    8.92,    3.28,    8.86,    3.31,   57.05,   20.68,     18640,   77.73,  964.16,   10.34,  964.83,   10.30,  964.36,   10.12,  960.37,    9.91,  960.55,    9.99,  961.90,    9.78, 5776.17,   60.44,     19000, 5836.61,   5833.22,     81.13,   5914.35
2023-04-16,16:20:57.487,   17.93,    7.53,   18.07,    7.89,   18.10,    7.74,   16.07,    6.78,   16.21,    7.06,   16.10,    6.84,  102.48,   43.84,     18786,  146.33,  992.29,   17.42,  992.04,   16.14,  992.19,   16.74,  986.41,   16.29,  986.89,   15.72,  989.02,   15.69, 5938.84,   98.00,     19209, 6036.85,   6041.33,    141.84,   6183.17
2023-04-16,16:20:57.587,   10.96,    4.50,   11.34,    4.66,   11.18,    4.57,   10.82,    4.35,   10.79,    4.39,   10.78,    4.50,   65.88,   26.96,     18700,   92.84,  972.54,    8.54,  972.54,    8.53,  972.11,    8.47,  968.49,    8.30,  970.82,    8.48,  971.69,    8.43, 5828.20,   50.76,     18890, 5878.96,   5894.07,     77.72,   5971.79
2023-04-16,16:20:57.687,   25.40,   13.67,   26.01,   14.04,   26.13,   14.00,   23.39,   13.11,   23.41,   13.11,   23.27,   12.91,  147.61,   80.85,     18650,  228.46, 1002.08,   19.14, 1004.32,   18.70, 1002.62,   18.67,  996.93,   18.33,  997.82,   18.36, 1000.47,   18.09, 6004.23,  111.29,     18870, 6115.51,   6151.83,    192.14,   6343.97
2023-04-16,16:20:57.788,   42.87,   24.51,   43.30,   24.85,   42.84,   24.37,   39.49,   22.53,   39.79,   22.79,   39.81,   22.84,  248.08,  141.89,     18820,  389.97, 1065.51,   44.03, 1067.32,   43.79, 1067.70,   45.70, 1059.79,   42.33, 1062.00,   46.40, 1061.14,   41.39, 6383.46,  263.63,     19060, 6647.10,   6631.54,    405.52,   7037.07
2023-04-16,16:20:57.887,   24.34,   10.68,   24.82,   11.22,   24.54,   10.94,   22.88,   10.06,   23.00,   10.49,   22.93,   10.07,  142.51,   63.46,     18660,  205.97, 1006.82,   18.65, 1007.47,   18.34, 1005.64,   18.55, 1002.04,   17.72, 1002.28,   17.69, 1003.18,   17.61, 6027.43,  108.56,     19170, 6135.99,   6169.94,    172.01,   6341.95
2023-04-16,16:20:57.987,    8.93,    4.67,    9.23,    5.04,    8.92,    4.74,    8.40,    4.18,    8.64,    4.47,    8.60,    4.43,   52.72,   27.54,     18816,   80.26, 1003.46,   11.66, 1004.99,   11.67, 1003.52,   11.50, 1001.70,   11.31, 1002.73,   11.45, 1003.08,   11.34, 6019.49,   68.93,     19239, 6088.42,   6072.20,     96.47,   6168.68
2023-04-16,16:20:58.087,   14.67,    5.55,   14.90,    5.72,   14.62,    5.69,   13.15,    4.85,   13.27,    5.14,   13.50,    5.11,   84.11,   32.05,     18630,  116.16,  986.27,   13.20,  987.62,   12.81,  986.80,   12.75,  982.55,   12.26,  984.18,   12.43,  983.69,   12.15, 5911.11,   75.59,     18980, 5986.71,   5995.22,    107.65,   6102.87
2023-04-16,16:20:58.187,   11.32,    4.15,   11.43,    4.37,   11.35,    4.18,    9.92,    3.57,   10.05,    3.84,   10.06,    3.75,   64.12,   23.85,     18620,   87.98,  981.01,   10.12,  981.85,    9.76,  980.78,   10.01,  977.65,    9.49,  978.29,    9.72,  978.58,    9.21, 5878.15,   58.31,     18840, 5936.45,   5942.27,     82.16,   6024.43
2023-04-16,16:20:58.288,   30.43,   13.23,   31.19,   13.69,   30.92,   13.23,   28.81,   12.40,   28.68,   12.53,   28.59,   12.20,  178.62,   77.29,     18840,  255.90, 1038.21,   27.24, 1038.86,   26.63, 1038.14,   27.07, 1033.75,   25.89, 1034.12,   26.26, 1034.20,   26.03, 6217.29,  159.11,     18970, 6376.40,   6395.91,    236.39,   6632.31
2023-04-16,16:20:58.387,   11.65,    5.30,   12.07,    5.51,   11.84,    5.33,   11.43,    5.00,   11.29,    5.14,   11.42,    5.04,   69.70,   31.32,     18620,  101.02, 1009.64,   12.84, 1010.41,   12.80, 1009.41,   12.71, 1008.05,   12.45, 1007.20,   12.65, 1008.22,   12.35, 6052.92,   75.81,     18840, 6128.73,   6122.62,    107.12,   6229.75
2023-04-16,16:20:58.488,   12.89,    5.32,   13.12,    5.58,   12.90,    5.52,   11.31,    4.78,   11.57,    5.18,   11.58,    5.00,   73.38,   31.38,     18820,  104.76, 1006.34,   10.93, 1007.46,   10.87, 1006.10,   11.03, 1004.54,   10.67, 1003.43,   10.38, 1003.59,   10.33, 6031.48,   64.20,     19310, 6095.68,   6104.85,     95.59,   6200.44
2023-04-16,16:20:58.588,   13.65,    5.46,   13.79,    5.65,   13.60,    5.59,   11.97,    4.87,   12.22,    5.17,   12.31,    5.05,   77.54,   31.81,     18620,  109.35,  996.49,   12.01,  998.10,   11.54,  996.68,   11.91,  995.34,   11.48,  994.25,   11.52,  993.71,   11.36, 5974.58,   69.82,     18930, 6044.40,   6052.12,    101.63,   6153.75
2023-04-16,16:20:58.689,   12.75,    4.38,   13.05,    4.66,   12.71,    4.33,   11.22,    3.76,   11.21,    4.00,   11.22,    3.91,   72.17,   25.04,     18840,   97.21,   68.81,   14.42,   69.75,   14.09,   69.27,   14.32,   67.37,   13.76,   66.64,   13.80,   67.40,   13.58,  409.24,   83.96,     18800,  493.21,    481.41,    109.00,    590.41
2023-04-16,16:20:58.788,    9.44,    4.28,    9.56,    4.38,    9.31,    4.21,    8.62,    3.72,    8.99,    4.07,    8.98,    4.05,   54.90,   24.71,     18620,   79.62,   48.67,   15.53,   48.95,   15.08,   49.45,   15.39,   48.80,   14.95,   48.01,   14.77,   48.71,   14.80,  292.59,   90.54,     18630,  383.12,    347.49,    115.25,    462.74
2023-04-16,16:20:58.888,   11.13,    4.09,   11.25,    4.47,   11.27,    4.19,    9.77,    3.73,    9.81,    3.81,    9.96,    3.96,   63.19,   24.24,     18806,   87.43,  100.41,   13.90,   99.37,   14.02,  100.44,   13.92,  102.31,   13.55,   99.58,   13.60,  101.44,   13.36,  603.54,   82.34,     18826,  685.88,    666.73,    106.58,    773.32
2023-04-16,16:20:58.988,   15.48,    5.24,   15.84,    5.52,   15.68,    5.54,   13.88,    4.65,   14.17,    4.92,   14.25,    4.95,   89.30,   30.82,     18620,  120.12,  156.59,   19.57,  152.82,   19.18,  155.21,   19.61,  154.74,   18.62,  154.73,   18.60,  155.86,   18.59,  929.95,  114.16,     18620, 1044.11,   1019.25,    144.98,   1164.23
2023-04-16,16:20:59.088,   23.79,    7.60,   24.19,    7.74,   23.94,    7.57,   22.13,    6.86,   21.90,    7.08,   22.17,    7.03,  138.12,   43.88,     18826,  182.00,  221.39,   21.23,  216.99,   21.05,  219.08,   21.13,  217.86,   20.78,  217.56,   20.88,  222.35,   20.62, 1315.23,  125.69,     18816, 1440.92,   1453.35,    169.56,   1622.91
2023-04-16,16:20:59.188,   15.49,    5.74,   15.61,    5.90,   15.50,    5.75,   14.64,    5.38,   14.40,    5.53,   14.64,    5.59,   90.29,   33.90,     18630,  124.18,  255.34,   18.37,  253.59,   18.19,  253.26,   18.29,  255.59,   17.54,  255.69,   17.71,  255.97,   17.57, 1529.44,  107.67,     18660, 1637.12,   1619.73,    141.57,   1761.30
2023-04-16,16:20:59.287,   11.58,    4.65,   11.99,    5.03,   11.87,    4.71,   10.30,    4.33,   10.35,    4.43,   10.44,    4.50,   66.53,   27.64,     18610,   94.17,  299.85,   15.83,  295.63,   15.80,  297.88,   16.19,  300.89,   15.28,  297.22,   15.36,  297.52,   15.05, 1788.99,   93.51,     18650, 1882.50,   1855.51,    121.15,   1976.66
2023-04-16,16:20:59.388,   15.28,    5.41,   15.47,    5.73,   15.36,    5.61,   13.53,    4.91,   13.79,    5.00,   13.78,    5.02,   87.21,   31.69,     18840,  118.90,  340.06,   16.31,  336.48,   16.14,  339.48,   16.38,  340.32,   15.49,  337.29,   15.73,  337.20,   15.40, 2030.84,   95.44,     18870, 2126.28,   2118.05,    127.13,   2245.18
2023-04-16,16:20:59.488,   12.19,    3.86,   12.27,    3.97,   12.20,    3.93,   10.48,    3.30,   10.62,    3.47,   10.71,    3.52,   68.46,   22.05,     18640,   90.51,  365.75,   12.67,  363.12,   12.50,  365.74,   12.75,  365.80,   12.03,  362.21,   12.22,  362.10,   11.95, 2184.72,   74.12,     18740, 2258.84,   2253.18,     96.16,   2349.35
2023-04-16,16:20:59.589,   15.56,    5.10,   15.52,    5.57,   15.49,    5.36,   14.01,    4.71,   14.01,    4.82,   14.11,    4.86,   88.69,   30.42,     18800,  119.11,  419.29,   18.09,  419.30,   17.94,  419.50,   18.02,  422.26,   17.42,  416.33,   17.44,  418.39,   17.48, 2515.06,  106.39,     18910, 2621.45,   2603.75,    136.81,   2740.57
2023-04-16,16:20:59.689,   12.72,    5.11,   13.01,    5.42,   12.68,    5.12,   11.91,    4.73,   12.06,    4.92,   12.23,    4.93,   74.61,   30.23,     18640,  104.84,  444.97,   18.41,  444.28,   18.23,  445.75,   18.27,  446.69,   17.71,  442.95,   17.73,  444.90,   17.63, 2669.54,  107.99,     18680, 2777.53,   2744.15,    138.22,   2882.37
2023-04-16,16:20:59.789,   18.57,    5.92,   18.50,    6.09,   18.57,    6.02,   16.85,    5.38,   17.00,    5.46,   16.81,    5.35,  106.30,   34.22,     18810,  140.52,  480.44,   19.42,  482.47,   19.40,  482.28,   19.35,  480.25,   18.69,  475.37,   18.84,  482.30,   18.58, 2883.10,  114.27,     18870, 2997.37,   2989.40,    148.49,   3137.89
2023-04-16,16:20:59.889,   18.72,    6.50,   19.05,    6.79,   18.86,    6.85,   17.07,    5.96,   17.21,    6.14,   17.20,    6.10,  108.11,   38.33,     18640,  146.44,  505.06,   21.24,  511.30,   21.08,  506.79,   21.31,  503.18,   20.11,  503.24,   20.64,  506.07,   20.21, 3035.64,  124.58,     18680, 3160.22,   3143.75,    162.91,   3306.66
2023-04-16,16:20:59.989,   24.55,    9.49,   25.36,   10.90,   24.76,   10.14,   23.61,   10.49,   23.06,    9.07,   22.53,    8.85,  143.88,   58.94,     18816,  202.81,  537.56,   21.25,  545.69,   21.09,  537.19,   21.05,  534.02,   20.01,  534.98,   20.39,  538.24,   20.24, 3227.67,  124.04,     18936, 3351.71,   3371.55,    182.97,   3554.52
2023-04-16,16:21:00.089,   12.19,    3.29,   12.42,    3.68,   12.36,    3.43,   11.75,    3.12,   11.98,    3.21,   11.79,    3.28,   72.49,   20.01,     18630,   92.50,  549.60,   11.30,  551.96,   11.48,  546.21,   11.37,  543.97,   11.06,  547.23,   11.19,  550.21,   10.97, 3289.20,   67.37,     18730, 3356.57,   3361.69,     87.38,   3449.07
2023-04-16,16:21:00.189,   17.99,    4.88,   18.41,    5.07,   18.44,    5.01,   16.74,    4.28,   16.66,    4.52,   16.55,    4.42,  104.78,   28.17,     18620,  132.95,  558.91,   13.94,  563.02,   13.61,  557.72,   14.06,  552.13,   13.53,  555.46,   13.32,  559.15,   13.38, 3346.40,   81.84,     18700, 3428.24,   3451.18,    110.01,   3561.18
2023-04-16,16:21:00.289,   31.55,   10.15,   31.77,   10.15,   32.04,   10.37,   29.65,    9.23,   29.35,    9.35,   29.16,    9.13,  183.51,   58.38,     18820,  241.89,  632.70,   28.49,  633.70,   27.82,  631.55,   28.41,  625.26,   27.58,  625.31,   27.64,  630.59,   27.27, 3779.11,  167.21,     18990, 3946.32,   3962.62,    225.59,   4188.21
2023-04-16,16:21:00.389,   14.39,    4.55,   14.24,    4.50,   14.18,    4.49,   12.46,    3.86,   12.47,    4.07,   12.83,    4.06,   80.58,   25.52,     18630,  106.10,  601.10,   11.74,  600.47,   11.42,  598.48,   11.55,  593.71,   10.95,  595.48,   11.11,  599.42,   10.99, 3588.67,   67.76,     18770, 3656.44,   3669.25,     93.29,   3762.54
2023-04-16,16:21:00.490,   13.25,    5.41,   13.52,    5.75,   13.59,    5.56,   12.53,    5.06,   12.47,    5.05,   12.82,    5.25,   78.17,   32.07,     18810,  110.24,  620.41,   14.58,  621.96,   14.28,  617.89,   14.53,  613.04,   13.99,  616.57,   13.93,  620.27,   13.87, 3710.14,   85.17,     18860, 3795.31,   3788.30,    117.24,   3905.55
2023-04-16,16:21:00.590,   12.53,    4.57,   12.48,    4.80,   12.55,    4.68,   10.98,    4.12,   11.19,    4.24,   11.20,    4.31,   70.92,   26.72,     18620,   97.64,  633.19,   11.03,  633.25,   11.04,  632.70,   11.16,  628.05,   10.61,  629.47,   10.71,  632.38,   10.63, 3789.03,   65.18,     18730, 3854.21,   3859.96,     91.89,   3951.85
2023-04-16,16:21:00.690,   13.57,    5.25,   13.73,    5.41,   13.74,    5.40,   12.07,    4.79,   12.12,    4.90,   12.03,    4.80,   77.26,   30.55,     18810,  107.81,  647.51,   13.36,  648.58,   13.13,  648.85,   13.38,  643.40,   12.69,  645.10,   12.87,  646.35,   12.74, 3879.79,   78.16,     18960, 3957.95,   3957.05,    108.71,   4065.76
2023-04-16,16:21:00.790,   17.36,    5.49,   17.33,    5.69,   17.46,    5.66,   15.80,    5.05,   15.70,    5.06,   15.76,    5.19,   99.41,   32.15,     18630,  131.56,  652.16,   14.97,  653.63,   14.86,  652.93,   15.18,  646.94,   14.30,  649.46,   14.46,  649.50,   14.37, 3904.62,   88.14,     18990, 3992.76,   4004.03,    120.29,   4124.32
2023-04-16,16:21:00.891,   26.69,   10.00,   26.72,   10.15,   26.95,   10.06,   26.02,    9.49,   26.06,    9.74,   26.16,    9.73,  158.59,   59.17,     18800,  217.75,  682.14,   14.27,  683.04,   14.39,  682.03,   14.50,  677.81,   14.04,  679.18,   13.97,  680.68,   14.16, 4084.88,   85.34,     18890, 4170.22,   4243.47,    144.50,   4387.97
2023-04-16,16:21:00.991,   17.99,    5.55,   18.11,    5.92,   18.25,    5.72,   16.58,    5.04,   16.91,    5.45,   16.84,    5.47,  104.68,   33.16,     18630,  137.84,  693.17,   14.41,  694.34,   14.76,  692.68,   14.67,  689.26,   14.09,  689.79,   13.96,  689.80,   14.19, 4149.04,   86.09,     18820, 4235.12,   4253.72,    119.24,   4372.96
2023-04-16,16:21:01.091,   20.06,    6.77,   20.43,    6.95,   20.28,    6.93,   18.51,    6.10,   18.17,    6.24,   18.41,    6.22,  115.87,   39.22,     18816,  155.09,  706.24,   16.53,  707.73,   16.30,  702.68,   16.53,  700.22,   15.59,  701.61,   16.07,  703.86,   15.67, 4222.34,   96.69,     18936, 4319.03,   4338.21,    135.91,   4474.12
2023-04-16,16:21:01.190,   13.76,    4.64,   13.81,    4.78,   13.60,    4.56,   11.96,    4.07,   12.27,    4.25,   12.25,    4.22,   77.64,   26.53,     18620,  104.17,  697.97,   13.92,  699.36,   13.78,  696.06,   14.01,  693.46,   13.48,  693.72,   13.49,  695.99,   13.26, 4176.56,   81.95,     18790, 4258.51,   4254.21,    108.47,   4362.68
2023-04-16,16:21:01.290,   12.98,    4.93,   13.16,    5.05,   13.06,    5.00,   12.11,    4.33,   12.33,    4.63,   12.36,    4.60,   76.00,   28.55,     18640,  104.55,  701.51,   13.01,  702.98,   12.77,  700.99,   13.05,  698.56,   12.38,  697.99,   12.53,  700.77,   12.41, 4202.79,   76.16,     18820, 4278.95,   4278.80,    104.70,   4383.50
2023-04-16,16:21:01.391,   12.41,    6.14,   12.35,    6.34,   12.23,    6.20,   11.02,    5.76,   11.15,    5.79,   11.15,    5.98,   70.31,   36.22,     18800,  106.52,  716.63,   11.08,  718.97,   11.07,  717.18,   11.26,  714.79,   10.87,  714.35,   10.81,  717.77,   10.64, 4299.68,   65.72,     18990, 4365.41,   4369.99,    101.94,   4471.93
2023-04-16,16:21:01.491,   18.50,    6.47,   18.64,    6.88,   18.51,    6.56,   16.56,    5.88,   16.72,    6.02,   16.94,    6.24,  105.87,   38.05,     18620,  143.92,  729.27,   16.23,  734.14,   15.65,  730.48,   16.29,  727.59,   15.09,  727.19,   15.23,  729.08,   15.08, 4377.74,   93.58,     18730, 4471.32,   4483.61,    131.63,   4615.24
2023-04-16,16:21:01.592,   16.73,    6.59,   16.92,    6.91,   16.78,    6.78,   15.08,    5.92,   15.60,    6.14,   15.46,    6.18,   96.56,   38.52,     18820,  135.08,  765.44,   17.51,  771.39,   17.41,  766.80,   17.81,  764.43,   16.78,  764.84,   16.80,  765.80,   16.49, 4598.70,  102.80,     18940, 4701.51,   4695.26,    141.32,   4836.59
2023-04-16,16:21:01.691,   25.84,   10.83,   26.33,   11.49,   26.12,   11.00,   24.45,   10.46,   24.46,   10.41,   24.73,   10.81,  151.94,   65.01,     18660,  216.94,  776.00,   24.37,  781.51,   24.22,  777.76,   24.92,  773.82,   23.23,  773.43,   23.28,  776.12,   23.06, 4658.63,  143.09,     18870, 4801.72,   4810.57,    208.09,   5018.66
2023-04-16,16:21:01.791,    6.08,    2.70,    6.20,    2.93,    6.07,    2.76,    5.53,    2.46,    5.64,    2.54,    5.75,    2.73,   35.26,   16.12,     18826,   51.37,  760.91,    7.61,  765.85,    7.39,  761.36,    7.59,  759.77,    7.18,  760.12,    7.30,  763.33,    7.11, 4571.33,   44.19,     19099, 4615.52,   4606.59,     60.30,   4666.89
2023-04-16,16:21:01.891,   18.66,    6.74,   18.61,    6.80,   18.55,    6.67,   16.59,    5.85,   17.00,    6.17,   16.70,    6.19,  106.11,   38.42,     18620,  144.53,  777.08,   16.55,  783.13,   16.55,  779.82,   17.10,  775.79,   15.97,  774.77,   15.83,  778.39,   15.82, 4668.97,   97.83,     18750, 4766.80,   4775.08,    136.25,   4911.33
2023-04-16,16:21:01.991,   38.41,   22.80,   38.38,   23.00,   38.32,   22.64,   35.46,   21.19,   36.66,   22.32,   35.83,   21.58,  223.05,  133.53,     18806,  356.58,  827.10,   33.66,  832.54,   33.48,  831.29,   34.09,  825.81,   33.01,  825.67,   32.91,  828.85,   32.71, 4971.25,  199.85,     18946, 5171.11,   5194.31,    333.38,   5527.68
2023-04-16,16:21:02.091,   18.57,    7.30,   18.74,    7.73,   18.49,    7.44,   16.73,    6.63,   17.22,    6.88,   16.95,    6.84,  106.71,   42.82,     18640,  149.53,  812.01,   14.57,  815.10,   14.33,  815.77,   14.46,  811.52,   13.58,  810.91,   13.93,  814.44,   13.54, 4879.74,   84.41,     18810, 4964.15,   4986.46,    127.23,   5113.69
2023-04-16,16:21:02.190,    3.07,    1.57,    3.25,    1.87,    3.10,    1.67,    2.92,    1.44,    2.97,    1.54,    3.06,    1.69,   18.38,    9.78,     18630,   28.16,  782.61,    4.61,  784.48,    4.35,  785.31,    4.72,  783.76,    4.49,  782.34,    4.44,  785.78,    4.36, 4704.28,   26.97,     18850, 4731.25,   4722.66,     36.75,   4759.40
2023-04-16,16:21:02.291,   23.41,    9.83,   23.47,   10.23,   23.19,    9.65,   21.20,    8.81,   21.65,    9.29,   21.26,    9.02,  134.17,   56.82,     18810,  191.00,  834.73,   21.03,  836.18,   20.83,  838.29,   21.27,  833.10,   20.36,  832.35,   20.27,  836.00,   20.35, 5010.65,  124.11,     18870, 5134.76,   5144.82,    180.93,   5325.76
2023-04-16,16:21:02.391,   14.38,    5.13,   14.28,    5.24,   14.35,    5.10,   12.63,    4.47,   12.84,    4.70,   12.84,    4.71,   81.33,   29.36,     18620,  110.69,  807.17,   10.75,  807.57,   10.57,  807.23,   10.83,  804.71,   10.17,  805.76,   10.21,  807.05,    9.90, 4839.49,   62.42,     18850, 4901.91,   4920.82,     91.78,   5012.60
2023-04-16,16:21:02.492,   14.26,    5.62,   14.22,    5.64,   14.19,    5.67,   12.48,    4.94,   12.57,    5.17,   12.86,    5.18,   80.57,   32.22,     18800,  112.79,  814.63,   11.04,  814.95,   10.92,  815.22,   11.11,  810.98,   10.35,  812.85,   10.59,  814.53,   10.20, 4883.15,   64.20,     19060, 4947.36,   4963.73,     96.42,   5060.14
2023-04-16,16:21:02.591,   27.55,   14.72,   28.16,   14.98,   27.62,   14.74,   26.33,   13.49,   26.21,   13.62,   26.34,   13.62,  162.21,   85.17,     18630,  247.38,  862.90,   36.42,  865.17,   37.19,  865.63,   37.91,  857.94,   34.55,  861.30,   37.91,  861.83,   34.38, 5174.77,  218.36,     18910, 5393.14,   5336.99,    303.53,   5640.52
2023-04-16,16:21:02.692,   20.60,   11.14,   21.08,   11.51,   20.76,   10.74,   18.75,    9.71,   19.24,   10.37,   18.96,   10.30,  119.39,   63.76,     18830,  183.15,  877.61,   19.43,  878.61,   19.44,  879.98,   19.62,  873.55,   18.84,  872.75,   18.48,  875.56,   18.60, 5258.05,  114.40,     19030, 5372.45,   5377.44,    178.16,   5555.60
2023-04-16,16:21:02.792,   21.07,    7.80,   21.23,    8.10,   21.06,    7.85,   19.23,    7.16,   19.63,    7.33,   19.14,    7.24,  121.36,   45.47,     18620,  166.83,  856.41,   15.96,  855.73,   15.61,  857.28,   16.11,  850.05,   15.30,  851.29,   15.22,  853.43,   15.04, 5124.19,   93.23,     18870, 5217.42,   5245.55,    138.70,   5384.25
2023-04-16,16:21:02.892,   17.21,    6.26,   17.24,    6.68,   17.18,    6.51,   15.70,    5.78,   15.82,    5.96,   15.89,    5.92,   99.04,   37.12,     18806,  136.16,  844.65,   13.24,  841.19,   12.78,  843.94,   13.48,  836.54,   12.38,  839.13,   13.07,  840.88,   12.82, 5046.33,   77.78,     19230, 5124.11,   5145.37,    114.89,   5260.26
2023-04-16,16:21:02.992,    9.38,    3.97,    9.54,    4.33,    9.44,    4.02,    8.83,    3.59,    8.91,    3.74,    9.05,    3.91,   55.16,   23.56,     18630,   78.72,  824.86,    9.62,  821.12,    9.41,  824.13,    9.71,  818.66,    9.15,  822.17,    9.49,  822.48,    9.02, 4933.42,   56.40,     19010, 4989.82,   4988.58,     79.96,   5068.53
2023-04-16,16:21:03.091,   13.02,    4.63,   13.08,    4.85,   12.98,    4.61,   11.63,    4.14,   11.76,    4.36,   11.83,    4.44,   74.30,   27.04,     18806,  101.34,  837.97,    9.99,  833.42,    9.83,  836.83,   10.17,  830.72,    9.41,  833.60,    9.62,  833.86,    9.53, 5006.40,   58.56,     19007, 5064.96,   5080.70,     85.60,   5166.30
2023-04-16,16:21:03.191,   11.77,    4.03,   12.06,    4.49,   11.82,    4.14,   10.14,    3.60,   10.25,    3.70,   10.33,    3.75,   66.37,   23.72,     18610,   90.09,  822.13,    9.35,  818.32,    9.17,  820.87,    9.43,  815.82,    8.67,  818.96,    8.92,  818.26,    8.49, 4914.36,   54.04,     18760, 4968.39,   4980.73,     77.75,   5058.48
2023-04-16,16:21:03.291,   15.81,    6.46,   15.95,    6.92,   15.71,    6.51,   14.03,    5.92,   14.17,    5.98,   14.25,    6.15,   89.92,   37.93,     18816,  127.85,  846.73,   18.10,  844.29,   19.27,  845.53,   17.55,  840.41,   16.67,  842.22,   16.96,  842.70,   17.11, 5061.88,  105.65,     19017, 5167.53,   5151.80,    143.58,   5295.38
2023-04-16,16:21:03.391,    9.46,    3.02,    9.54,    3.30,    9.63,    3.22,    8.91,    2.79,    8.86,    2.91,    9.01,    3.03,   55.41,   18.26,     18620,   73.67,  828.49,    8.68,  825.40,    8.30,  828.42,    8.79,  824.08,    8.24,  825.43,    8.22,  826.25,    8.07, 4958.08,   50.31,     18830, 5008.38,   5013.49,     68.57,   5082.06
2023-04-16,16:21:03.490,    7.99,    3.20,    8.06,    3.59,    7.91,    3.27,    6.64,    2.87,    6.77,    3.02,    6.80,    3.13,   44.17,   19.08,     18796,   63.24,  834.43,    7.58,  831.52,    7.36,  834.56,    7.74,  830.91,    7.20,  830.24,    7.16,  831.78,    6.93, 4993.44,   43.97,     19027, 5037.40,   5037.60,     63.04,   5100.65
2023-04-16,16:21:03.590,   12.23,    4.86,   12.14,    4.93,   12.05,    4.81,   10.47,    4.24,   10.61,    4.41,   10.64,    4.46,   68.13,   27.71,     18620,   95.84,  830.41,   11.89,  827.52,   11.55,  830.62,   11.81,  825.95,   10.99,  825.92,   11.34,  827.26,   11.16, 4967.69,   68.74,     18720, 5036.42,   5035.82,     96.44,   5132.26
2023-04-16,16:21:03.690,   17.54,    6.20,   17.62,    6.54,   17.54,    6.47,   16.03,    5.81,   15.96,    5.84,   16.02,    5.87,  100.72,   36.73,     18806,  137.45,  859.22,   16.85,  856.16,   16.44,  858.39,   16.71,  854.45,   16.03,  853.58,   15.95,  854.50,   15.92, 5136.30,   97.90,     18936, 5234.21,   5237.02,    134.63,   5371.65
2023-04-16,16:21:03.790,   14.35,    4.53,   14.54,    4.81,   14.36,    4.70,   13.56,    4.23,   13.89,    4.44,   13.54,    4.34,   84.24,   27.04,     18620,  111.28,  853.94,   13.22,  848.68,   12.95,  851.67,   13.29,  848.11,   12.61,  847.55,   12.70,  849.11,   12.46, 5099.05,   77.23,     18790, 5176.29,   5183.29,    104.27,   5287.56
2023-04-16,16:21:03.889,   11.63,    4.41,   11.51,    4.50,   11.47,    4.38,   10.20,    3.94,   10.31,    4.16,   10.38,    4.20,   65.51,   25.58,     18620,   91.09,  856.97,   11.48,  852.03,   11.19,  854.99,   11.55,  850.17,   10.85,  850.99,   11.06,  851.89,   10.80, 5117.04,   66.93,     18920, 5183.97,   5182.55,     92.51,   5275.06
2023-04-16,16:21:03.990,   18.91,    6.69,   18.65,    6.94,   18.44,    6.46,   16.78,    5.86,   17.00,    6.14,   16.66,    6.05,  106.43,   38.14,     18810,  144.57,  888.04,   17.08,  883.25,   17.08,  885.70,   17.34,  881.51,   16.46,  880.77,   16.28,  882.31,   16.34, 5301.58,  100.58,     18940, 5402.16,   5408.01,    138.72,   5546.74
2023-04-16,16:21:04.090,   15.23,    5.09,   15.33,    5.21,   15.12,    5.04,   13.42,    4.48,   13.53,    4.66,   13.47,    4.50,   86.09,   28.98,     18630,  115.07,  873.65,   15.14,  868.49,   14.95,  872.32,   15.14,  867.75,   14.45,  868.68,   14.44,  868.31,   14.30, 5219.21,   88.42,     18770, 5307.63,   5305.30,    117.40,   5422.70
2023-04-16,16:21:04.191,   10.38,    3.56,   10.45,    3.68,   10.23,    3.53,    9.02,    3.10,    9.08,    3.25,    8.87,    3.23,   58.03,   20.35,     18800,   78.38,  869.74,    9.83,  864.10,    9.67,  868.77,    9.96,  865.04,    9.40,  866.16,    9.45,  865.48,    9.28, 5199.29,   57.59,     19000, 5256.89,   5257.32,     77.94,   5335.26
2023-04-16,16:21:04.290,   21.76,    8.89,   21.90,    9.25,   21.57,    8.65,   20.76,    8.18,   20.87,    8.27,   20.64,    8.47,  127.50,   51.69,     18620,  179.19,  904.35,   20.85,  898.84,   20.61,  903.84,   20.92,  898.67,   19.95,  900.20,   20.26,  899.46,   20.18, 5405.36,  122.78,     18970, 5528.14,   5532.86,    174.47,   5707.33
2023-04-16,16:21:04.391,   46.88,   25.87,   46.37,   25.52,   49.50,   29.98,   44.13,   25.09,   44.28,   25.47,   43.67,   24.99,  274.82,  156.93,     18820,  431.75,  945.61,   39.79,  942.47,   41.34,  947.86,   40.98,  938.49,   37.84,  940.11,   38.82,  941.16,   39.83, 5655.69,  238.60,     18960, 5894.28,   5930.51,    395.53,   6326.03
2023-04-16,16:21:04.491,   31.86,   16.37,   31.51,   16.30,   34.31,   20.22,   29.96,   16.01,   29.08,   14.97,   30.06,   16.25,  186.77,  100.11,     18640,  286.88,  901.12,   29.10,  896.29,   27.93,  900.17,   27.45,  894.21,   27.12,  893.73,   25.86,  894.27,   26.31, 5379.79,  163.78,     18780, 5543.57,   5566.56,    263.90,   5830.45
2023-04-16,16:21:04.592,   17.67,    6.02,   17.80,    6.43,   17.58,    6.18,   16.01,    5.54,   16.26,    5.81,   16.35,    5.83,  101.67,   35.81,     18820,  137.48,  896.48,   14.88,  891.66,   14.50,  895.82,   14.93,  890.93,   14.35,  891.73,   14.24,  891.79,   13.94, 5358.41,   86.84,     18990, 5445.25,   5460.08,    122.65,   5582.73
2023-04-16,16:21:04.692,    3.55,    1.58,    3.56,    1.69,    3.41,    1.51,    3.37,    1.48,    3.47,    1.54,    3.47,    1.70,   20.83,    9.51,     18660,   30.33,  866.31,    4.83,  862.91,    4.52,  867.01,    4.93,  864.11,    4.58,  864.28,    4.57,  864.23,    4.40, 5188.85,   27.82,     19020, 5216.67,   5209.68,     37.32,   5247.00
2023-04-16,16:21:04.791,   15.24,    5.41,   15.33,    5.70,   15.03,    5.45,   13.49,    4.75,   13.64,    4.89,   13.60,    4.94,   86.33,   31.14,     18796,  117.47,  887.24,   12.43,  884.61,   12.23,  888.77,   12.50,  883.35,   11.76,  884.07,   11.67,  884.33,   11.51, 5312.37,   72.10,     19108, 5384.47,   5398.70,    103.24,   5501.94
2023-04-16,16:21:04.891,   17.42,    5.82,   17.29,    5.95,   17.32,    5.81,   15.65,    5.09,   15.73,    5.39,   15.60,    5.26,   99.00,   33.32,     18630,  132.32,  891.78,   13.40,  889.01,   13.11,  893.67,   13.58,  888.04,   12.45,  889.20,   12.81,  887.74,   12.37, 5339.43,   77.72,     19000, 5417.15,   5438.43,    111.04,   5549.47
2023-04-16,16:21:04.991,   28.20,   12.22,   29.06,   13.46,   28.13,   12.33,   26.99,   13.04,   26.57,   11.73,   25.75,   11.11,  164.71,   73.90,     18640,  238.60,  916.89,   19.71,  913.69,   19.72,  917.41,   19.97,  911.47,   18.80,  911.62,   19.00,  911.95,   18.81, 5483.02,  116.01,     18930, 5599.03,   5647.73,    189.90,   5837.64
2023-04-16,16:21:05.092,   10.66,    3.91,   11.09,    4.27,   10.88,    4.04,   10.31,    3.72,   10.20,    3.81,   10.17,    3.80,   63.31,   23.54,     18820,   86.85,  915.00,   11.08,  911.02,   10.95,  917.18,   11.27,  912.07,   10.44,  911.02,   10.70,  912.38,   10.43, 5478.67,   64.87,     19090, 5543.53,   5541.98,     88.41,   5630.38
2023-04-16,16:21:05.192,   10.09,    3.95,   10.14,    4.15,   10.21,    3.93,    8.83,    3.55,    8.80,    3.68,    9.02,    3.77,   57.10,   23.03,     18620,   80.13,  892.14,    8.10,  887.27,    7.85,  893.25,    7.95,  888.40,    7.45,  888.38,    7.62,  890.69,    7.47, 5340.13,   46.43,     18960, 5386.57,   5397.23,     69.47,   5466.70
2023-04-16,16:21:05.292,   17.98,    7.34,   18.07,    7.53,   17.68,    7.32,   16.25,    6.74,   16.31,    6.85,   16.04,    6.66,  102.34,   42.44,     18800,  144.78,  924.80,   16.78,  918.98,   16.27,  924.55,   16.69,  918.74,   15.64,  918.06,   15.62,  920.86,   15.74, 5525.99,   96.74,     19070, 5622.72,   5628.32,    139.18,   5767.50
2023-04-16,16:21:05.392,   10.57,    3.93,   10.43,    4.01,   10.41,    3.88,    8.89,    3.41,    9.15,    3.54,    9.26,    3.69,   58.71,   22.46,     18620,   81.16,  898.21,   10.44,  893.70,   10.10,  898.59,   10.44,  894.44,    9.60,  893.16,    9.79,  896.18,    9.47, 5374.28,   59.83,     19030, 5434.11,   5432.98,     82.29,   5515.27
2023-04-16,16:21:05.493,   10.48,    4.07,   10.60,    4.36,   10.59,    4.17,    9.87,    3.80,    9.98,    3.96,   10.07,    3.90,   61.60,   24.26,     18810,   85.86,  909.87,   10.54,  903.80,   10.23,  908.84,   10.44,  905.72,   10.06,  904.60,    9.97,  907.85,    9.92, 5440.67,   61.15,     19010, 5501.82,   5502.27,     85.41,   5587.68
2023-04-16,16:21:05.593,    8.69,    3.01,    8.57,    3.27,    8.55,    3.09,    7.48,    2.86,    7.54,    2.89,    7.53,    2.91,   48.34,   18.04,     18640,   66.38,  895.57,    7.31,  890.64,    7.17,  894.61,    7.37,  892.57,    6.93,  891.29,    7.00,  894.32,    6.85, 5359.00,   42.63,     18860, 5401.63,   5407.34,     60.67,   5468.01
2023-04-16,16:21:05.693,   24.32,   10.13,   24.38,   10.36,   24.33,   10.25,   22.26,    9.32,   22.41,    9.44,   22.46,    9.59,  140.16,   59.09,     18800,  199.25,  935.89,   23.83,  931.72,   23.51,  934.58,   23.42,  930.21,   22.61,  928.34,   22.65,  932.41,   22.73, 5593.16,  138.74,     19080, 5731.90,   5733.32,    197.83,   5931.15
2023-04-16,16:21:05.793,   17.83,    8.03,   18.04,    8.46,   17.95,    8.42,   16.11,    7.52,   16.14,    7.61,   16.05,    7.69,  102.12,   47.73,     18640,  149.85,  925.97,   17.79,  922.36,   17.28,  925.16,   17.39,  920.88,   16.51,  919.77,   16.95,  923.59,   16.46, 5537.73,  102.38,     18740, 5640.12,   5639.86,    150.11,   5789.97
2023-04-16,16:21:05.893,   30.45,   14.60,   30.53,   14.35,   32.80,   18.02,   30.64,   14.66,   29.62,   13.89,   28.94,   12.55,  182.98,   88.07,     18806,  271.06,  933.77,   16.19,  929.87,   15.65,  933.06,   16.21,  929.08,   15.22,  928.69,   15.20,  932.23,   15.21, 5586.72,   93.68,     19077, 5680.40,   5769.70,    181.75,   5951.45
2023-04-16,16:21:05.993,   11.53,    4.33,   11.54,    4.41,   11.48,    4.33,   10.14,    4.05,   10.38,    4.07,   10.08,    4.10,   65.14,   25.29,     18640,   90.43,  920.59,    9.64,  918.46,    9.49,  921.06,    9.80,  915.98,    9.01,  915.06,    9.04,  920.30,    9.13, 5511.45,   56.11,     18940, 5567.56,   5576.59,     81.40,   5657.99
2023-04-16,16:21:06.093,   12.84,    4.77,   12.86,    4.95,   12.81,    4.96,   11.30,    4.24,   11.46,    4.37,   11.53,    4.36,   72.80,   27.65,     18620,  100.44,  913.34,   11.64,  910.03,   11.42,  912.51,   11.67,  908.57,   10.85,  906.75,   10.90,  911.63,   10.84, 5462.85,   67.31,     18880, 5530.16,   5535.65,     94.96,   5630.60
2023-04-16,16:21:06.193,   10.47,    3.88,   10.73,    4.03,   10.40,    3.77,    9.13,    3.31,    9.08,    3.48,    9.32,    3.48,   59.12,   21.96,     18820,   81.08,  915.14,    9.22,  912.47,    8.97,  914.93,    8.99,  911.19,    8.48,  908.72,    8.42,  913.73,    8.37, 5476.18,   52.46,     19250, 5528.64,   5535.30,     74.42,   5609.72
2023-04-16,16:21:06.293,   19.69,    8.22,   19.93,    8.39,   19.74,    8.23,   18.11,    7.44,   18.30,    7.62,   18.26,    7.64,  114.02,   47.53,     18620,  161.56,  937.22,   18.41,  934.85,   18.02,  938.05,   18.25,  933.40,   17.53,  931.45,   17.72,  935.24,   17.42, 5610.20,  107.36,     18970, 5717.56,   5724.23,    154.89,   5879.12
2023-04-16,16:21:06.394,    8.28,    4.88,    8.52,    5.09,    8.42,    5.03,    8.14,    4.88,    8.20,    4.88,    8.10,    4.86,   49.65,   29.63,     18820,   79.29,  943.72,    8.68,  940.43,    8.26,  944.12,    8.68,  942.03,    8.60,  942.00,    8.42,  942.55,    8.38, 5654.86,   51.03,     19100, 5705.89,   5704.51,     80.66,   5785.17
2023-04-16,16:21:06.494,   33.22,   19.21,   33.57,   19.68,   33.40,   19.33,   30.50,   17.68,   30.68,   17.74,   31.02,   18.02,  192.38,  111.66,     18620,  304.04,  986.82,   42.54,  983.67,   42.54,  988.88,   44.86,  980.72,   39.98,  984.25,   46.23,  979.36,   39.01, 5903.70,  255.15,     18910, 6158.85,   6096.08,    366.81,   6462.89
2023-04-16,16:21:06.594,   15.96,    5.80,   16.20,    5.87,   15.80,    5.70,   14.36,    5.14,   14.64,    5.31,   14.54,    5.24,   91.49,   33.06,     18826,  124.55,  957.23,   11.76,  953.55,   11.73,  955.26,   11.65,  949.90,   11.05,  949.63,   10.96,  948.83,   11.05, 5714.40,   68.20,     19027, 5782.60,   5805.89,    101.26,   5907.15
2023-04-16,16:21:06.693,   12.04,    4.23,   11.98,    4.38,   11.78,    4.18,   10.37,    3.61,   10.42,    3.75,   10.53,    3.87,   67.12,   24.02,     18620,   91.14,  939.45,    9.84,  936.37,    9.45,  938.04,   10.02,  933.05,    9.21,  933.89,    9.31,  933.28,    8.97, 5614.08,   56.80,     18980, 5670.88,   5681.20,     80.82,   5762.02
2023-04-16,16:21:06.793,   10.79,    3.67,   10.38,    3.66,   10.61,    3.41,   10.07,    3.21,   10.43,    3.49,   10.08,    3.49,   62.36,   20.93,     18806,   83.29,  967.08,   10.65,  963.30,   10.32,  965.17,   10.56,  962.35,   10.12,  962.09,   10.36,  962.37,    9.99, 5782.37,   61.99,     19159, 5844.36,   5844.73,     82.92,   5927.65
2023-04-16,16:21:06.893,   13.02,    4.30,   13.35,    4.52,   12.95,    4.22,   11.70,    3.56,   11.58,    3.81,   11.83,    3.93,   74.42,   24.34,     18640,   98.76,  946.93,   10.29,  943.07,   10.06,  945.21,   10.26,  941.30,    9.54,  942.46,    9.71,  941.15,    9.34, 5660.13,   59.19,     18860, 5719.31,   5734.55,     83.53,   5818.07
2023-04-16,16:21:06.993,   13.49,    5.04,   13.50,    5.19,   13.34,    4.89,   11.81,    4.31,   11.96,    4.49,   11.89,    4.54,   75.99,   28.46,     18620,  104.45,  956.79,   12.02,  952.44,   11.77,  955.17,   12.05,  951.00,   11.24,  952.44,   11.42,  950.49,   11.13, 5718.33,   69.63,     18850, 5787.96,   5794.32,     98.09,   5892.41
2023-04-16,16:21:07.094,   16.87,    5.16,   17.00,    5.34,   16.90,    5.17,   15.36,    4.53,   15.24,    4.68,   15.36,    4.73,   96.72,   29.61,     18820,  126.33,  959.10,   13.72,  954.80,   13.37,  957.23,   13.60,  953.68,   12.85,  955.12,   12.91,  953.82,   12.78, 5733.74,   79.22,     19060, 5812.96,   5830.46,    108.83,   5939.29
2023-04-16,16:21:07.193,    5.59,    2.10,    5.73,    2.22,    5.66,    2.07,    5.15,    1.84,    5.18,    1.90,    5.30,    2.00,   32.61,   12.12,     18620,   44.73,  925.34,    7.04,  921.55,    6.64,  923.64,    6.79,  921.73,    6.44,  923.53,    6.83,  922.92,    6.50, 5538.72,   40.23,     18860, 5578.95,   5571.33,     52.35,   5623.68
2023-04-16,16:21:07.294,   45.73,   28.44,   46.12,   28.98,   46.17,   28.94,   43.76,   28.13,   44.45,   28.91,   43.64,   28.13,  269.87,  171.54,     18830,  441.40,  999.91,   40.31,  994.39,   39.10,  998.09,   40.09,  990.58,   37.51,  992.30,   38.26,  992.75,   39.88, 5968.02,  235.14,     18960, 6203.16,   6237.88,    406.68,   6644.56
2023-04-16,16:21:07.394,   16.01,    6.38,   15.87,    6.60,   15.65,    6.27,   14.13,    5.78,   14.33,    6.04,   14.22,    5.79,   90.21,   36.86,     18640,  127.07,  940.11,   13.15,  934.65,   12.55,  937.73,   13.01,  934.76,   12.04,  935.44,   12.29,  934.01,   12.05, 5616.70,   75.09,     19010, 5691.79,   5706.91,    111.95,   5818.86
2023-04-16,16:21:07.494,   18.64,    8.00,   18.55,    8.17,   18.32,    7.88,   16.71,    6.97,   16.87,    7.41,   16.95,    7.46,  106.04,   45.89,     18816,  151.93,  962.24,   18.33,  957.36,   18.14,  960.71,   18.73,  956.54,   17.02,  955.92,   16.85,  955.40,   16.50, 5748.16,  105.57,     19048, 5853.73,   5854.19,    151.46,   6005.66
2023-04-16,16:21:07.594,    9.27,    3.20,    9.51,    3.39,    9.34,    3.25,    8.97,    2.96,    8.82,    3.13,    8.96,    3.09,   54.85,   19.02,     18630,   73.88,  940.22,    9.95,  935.51,    9.54,  939.00,    9.87,  937.12,    9.18,  937.09,    9.50,  935.26,    9.08, 5624.19,   57.13,     18870, 5681.32,   5679.05,     76.15,   5755.20
2023-04-16,16:21:07.693,   21.51,   10.35,   20.52,    8.87,   20.71,    9.12,   19.00,    8.09,   19.21,    8.62,   18.93,    8.43,  119.88,   53.47,     18620,  173.36,  958.82,   16.48,  955.48,   16.51,  958.39,   16.48,  954.92,   15.91,  954.59,   16.00,  954.26,   15.99, 5736.44,   97.38,     18900, 5833.82,   5856.32,    150.85,   6007.18
2023-04-16,16:21:07.794,   22.38,    7.85,   22.35,    8.15,   22.22,    7.89,   20.63,    7.25,   20.72,    7.40,   20.45,    7.25,  128.76,   45.79,     18810,  174.55,  977.83,   18.61,  972.84,   18.55,  976.33,   18.84,  971.71,   18.09,  972.91,   18.13,  971.27,   18.02, 5842.88,  110.25,     19150, 5953.13,   5971.64,    156.04,   6127.68
2023-04-16,16:21:07.894,   19.38,    7.53,   19.48,    7.55,   19.27,    7.51,   17.75,    6.79,   17.89,    7.00,   17.53,    6.77,  111.30,   43.16,     18630,  154.46,  961.93,   17.30,  958.03,   16.95,  961.28,   17.10,  955.88,   16.17,  956.99,   16.53,  956.01,   16.21, 5750.12,  100.24,     18850, 5850.36,   5861.42,    143.40,   6004.82
2023-04-16,16:21:07.995,   17.52,    7.63,   17.79,    7.82,   17.77,    7.71,   16.62,    6.96,   16.62,    7.25,   16.67,    7.25,  102.99,   44.62,     18810,  147.62,  974.57,   13.53,  971.25,   13.22,  972.84,   13.35,  970.38,   12.91,  970.46,   13.06,  969.82,   12.89, 5829.32,   78.95,     19080, 5908.27,   5932.31,    123.57,   6055.88
2023-04-16,16:21:08.094,   11.39,    5.89,   11.61,    5.96,   11.35,    5.74,   10.17,    5.52,   10.25,    5.57,   10.24,    5.55,   65.02,   34.23,     18630,   99.25,  953.60,    9.75,  951.16,    9.56,  954.42,    9.67,  951.06,    9.17,  950.05,    9.38,  950.07,    9.16, 5710.37,   56.69,     18840, 5767.06,   5775.39,     90.92,   5866.31
2023-04-16,16:21:08.195,   13.06,    4.88,   13.10,    5.04,   12.87,    4.93,   11.60,    4.41,   11.49,    4.61,   11.57,    4.55,   73.69,   28.41,     18800,  102.10,  957.29,   11.34,  953.31,   11.07,  956.45,   11.25,  953.62,   10.72,  953.09,   10.70,  953.51,   10.72, 5727.27,   65.80,     19060, 5793.07,   5800.96,     94.21,   5895.17
2023-04-16,16:21:08.295,   21.15,    8.42,   21.15,    8.54,   21.09,    8.41,   19.43,    7.76,   19.29,    7.79,   19.11,    7.64,  121.22,   48.56,     18620,  169.78,  976.85,   16.91,  972.17,   16.90,  976.38,   16.95,  972.15,   16.15,  970.37,   16.11,  970.54,   15.91, 5838.46,   98.94,     18970, 5937.40,   5959.68,    147.50,   6107.18
2023-04-16,16:21:08.396,   13.30,    4.79,   13.43,    5.06,   13.19,    4.87,   12.07,    4.41,   11.99,    4.50,   12.17,    4.48,   76.15,   28.11,     18820,  104.26,  990.45,   10.42,  986.45,   10.09,  991.13,   10.34,  987.99,    9.96,  986.70,   10.03,  986.31,    9.86, 5929.04,   60.71,     19160, 5989.74,   6005.19,     88.82,   6094.01
2023-04-16,16:21:08.496,    7.75,    4.18,    7.99,    4.42,    7.71,    4.14,    7.23,    4.00,    7.23,    4.06,    7.47,    4.27,   45.39,   25.08,     18620,   70.47,  966.84,    7.95,  963.60,    7.72,  967.35,    8.00,  965.44,    7.70,  964.89,    7.79,  964.26,    7.43, 5792.38,   46.59,     18810, 5838.97,   5837.77,     71.67,   5909.44
2023-04-16,16:21:08.596,   11.57,    4.48,   11.47,    4.64,   11.28,    4.46,    9.98,    3.98,    9.93,    4.00,   10.04,    4.06,   64.27,   25.60,     18800,   89.87,  978.07,    9.44,  974.81,    9.04,  977.91,    9.19,  975.05,    8.58,  974.49,    8.72,  973.81,    8.50, 5854.16,   53.47,     19090, 5907.62,   5918.43,     79.07,   5997.50
2023-04-16,16:21:08.696,   14.64,    4.95,   14.60,    5.03,   14.45,    4.84,   12.78,    4.22,   12.90,    4.32,   13.10,    4.52,   82.47,   27.88,     18620,  110.34,  969.58,   10.91,  965.90,   10.46,  969.02,   10.73,  965.62,   10.01,  965.07,   10.50,  965.28,   10.10, 5800.48,   62.71,     18780, 5863.19,   5882.95,     90.58,   5973.53
2023-04-16,16:21:08.796,   15.08,    5.47,   14.92,    5.63,   14.79,    5.35,   13.32,    4.90,   13.53,    5.09,   13.48,    5.08,   85.12,   31.51,     18826,  116.64,  981.45,   12.85,  977.73,   12.27,  979.99,   12.51,  976.91,   12.12,  975.57,   12.29,  977.47,   11.82, 5869.11,   73.86,     19048, 5942.97,   5954.24,    105.37,   6059.61
2023-04-16,16:21:08.896,    5.65,    1.88,    5.86,    2.00,    5.75,    1.78,    5.59,    1.68,    5.50,    1.85,    5.78,    1.97,   34.13,   11.16,     18620,   45.29,  958.00,    4.31,  953.97,    4.12,  955.82,    4.18,  954.06,    4.05,  952.69,    4.15,  954.76,    3.99, 5729.30,   24.80,     18930, 5754.11,   5763.43,     35.96,   5799.39
2023-04-16,16:21:08.995,   15.84,    6.17,   15.70,    6.30,   15.64,    6.09,   13.96,    5.39,   14.23,    5.77,   14.00,    5.57,   89.38,   35.29,     18796,  124.67,  976.03,   14.79,  972.42,   14.53,  973.83,   14.96,  970.09,   14.18,  969.60,   14.17,  971.43,   14.02, 5833.40,   86.65,     18926, 5920.05,   5922.78,    121.94,   6044.72
2023-04-16,16:21:09.095,   15.78,    6.30,   16.08,    6.52,   15.72,    6.23,   14.01,    5.64,   14.05,    5.68,   14.25,    5.76,   89.90,   36.14,     18630,  126.03,  960.12,   13.84,  956.83,   13.77,  958.07,   13.88,  955.62,   13.14,  954.69,   13.07,  955.82,   12.99, 5741.15,   80.68,     18820, 5821.83,   5831.04,    116.82,   5947.86
2023-04-16,16:21:09.195,   25.97,   12.69,   26.23,   13.38,   26.09,   13.43,   23.79,   12.10,   23.81,   11.67,   23.91,   11.83,  149.81,   75.09,     18806,  224.91, 1002.64,   30.30, 1004.17,   34.04, 1006.53,   36.83,  998.21,   29.58,  996.42,   28.73,  996.26,   28.67, 6004.23,  188.13,     19018, 6192.36,   6154.04,    263.22,   6417.26
2023-04-16,16:21:09.295,   11.93,    5.13,   12.16,    5.46,   11.93,    4.93,   11.37,    4.77,   11.32,    4.78,   11.51,    4.93,   70.22,   30.00,     18630,  100.22,  964.10,   13.33,  961.51,   12.79,  962.50,   13.31,  959.33,   12.40,  960.23,   12.83,  960.32,   12.47, 5768.00,   77.13,     18720, 5845.13,   5838.21,    107.13,   5945.34
2023-04-16,16:21:09.394,   13.76,    5.11,   13.70,    5.35,   13.49,    4.91,   12.15,    4.63,   12.29,    4.75,   12.35,    4.87,   77.74,   29.62,     18640,  107.36,  955.90,    9.67,  953.48,    9.33,  954.06,    9.40,  950.94,    8.92,  951.39,    9.05,  951.67,    9.21, 5717.45,   55.58,     18980, 5773.04,   5795.19,     85.20,   5880.39
2023-04-16,16:21:09.495,   15.82,    6.24,   15.99,    6.53,   15.95,    6.31,   14.36,    5.77,   14.41,    5.89,   14.46,    5.86,   90.98,   36.61,     18800,  127.58,  968.49,   12.11,  966.59,   11.58,  968.53,   12.08,  964.23,   11.18,  964.60,   11.55,  964.21,   11.17, 5796.66,   69.66,     19190, 5866.33,   5887.64,    106.27,   5993.91
2023-04-16,16:21:09.595,   12.45,    4.68,   12.53,    5.07,   12.35,    4.79,   10.89,    4.30,   10.97,    4.39,   11.10,    4.49,   70.29,   27.72,     18620,   98.01,  952.62,   11.30,  951.46,   10.83,  953.62,   11.00,  948.95,   10.46,  949.27,   10.53,  948.38,   10.25, 5704.30,   64.38,     18870, 5768.67,   5774.58,     92.10,   5866.69
2023-04-16,16:21:09.696,   12.89,    6.58,   13.11,    6.82,   13.10,    6.73,   12.22,    6.16,   12.35,    6.25,   12.66,    6.47,   76.34,   39.00,     18800,  115.33,  964.98,   14.98,  962.88,   14.66,  965.19,   14.93,  961.64,   14.24,  962.03,   14.42,  961.78,   14.14, 5778.50,   87.37,     18900, 5865.87,   5854.84,    126.37,   5981.20
2023-04-16,16:21:09.795,   11.72,    4.62,   11.71,    4.85,   11.66,    4.63,   10.27,    4.07,   10.19,    4.17,   10.20,    4.25,   65.74,   26.59,     18620,   92.34,  951.02,    9.35,  948.49,    9.08,  951.06,    9.45,  946.42,    8.73,  947.49,    8.74,  947.21,    8.67, 5691.67,   54.03,     18850, 5745.70,   5757.42,     80.62,   5838.04
2023-04-16,16:21:09.896,   18.43,    6.59,   18.47,    6.81,   18.39,    6.60,   16.58,    5.84,   16.77,    6.08,   16.80,    6.10,  105.43,   38.02,     18800,  143.45,  975.20,   16.69,  972.54,   16.36,  974.54,   16.78,  969.51,   15.81,  970.32,   15.80,  969.95,   15.60, 5832.06,   97.04,     19020, 5929.10,   5937.49,    135.06,   6072.55
2023-04-16,16:21:09.996,   22.21,    9.48,   22.92,   10.63,   22.18,    9.63,   21.29,   10.41,   20.59,    9.14,   20.37,    8.67,  129.57,   57.97,     18620,  187.55,  966.54,   14.79,  964.28,   14.44,  966.48,   14.78,  960.64,   13.80,  961.48,   14.02,  962.38,   14.06, 5781.81,   85.89,     18980, 5867.70,   5911.38,    143.87,   6055.25
2023-04-16,16:21:10.097,   12.46,    4.28,   12.56,    4.53,   12.43,    4.22,   11.80,    3.76,   12.04,    3.99,   12.00,    4.04,   73.29,   24.83,     18820,   98.12,  967.98,   10.74,  965.83,   10.45,  968.33,   10.80,  963.69,   10.21,  964.23,   10.40,  965.37,   10.11, 5795.44,   62.70,     18980, 5858.14,   5868.73,     87.53,   5956.26
2023-04-16,16:21:10.196,   10.24,    4.06,   10.30,    4.38,    9.92,    3.98,    8.79,    3.66,    8.69,    3.70,    8.83,    3.79,   56.76,   23.57,     18620,   80.33,  969.80,   10.65,  967.87,   10.29,  970.24,   10.55,  965.13,   10.03,  965.72,   10.06,  966.47,    9.71, 5805.23,   61.28,     18870, 5866.51,   5861.99,     84.85,   5946.85
2023-04-16,16:21:10.297,   22.58,    8.48,   22.87,    9.04,   22.52,    8.58,   21.02,    8.03,   20.87,    7.92,   21.17,    8.19,  131.04,   50.23,     18830,  181.27,  997.16,   18.44,  995.28,   17.94,  997.22,   18.17,  991.83,   17.42,  992.07,   17.36,  993.44,   17.34, 5967.00,  106.66,     19100, 6073.66,   6098.03,    156.89,   6254.93
2023-04-16,16:21:10.397,   13.80,    5.18,   13.87,    5.26,   13.58,    5.12,   12.16,    4.59,   12.32,    4.73,   12.43,    4.83,   78.16,   29.70,     18620,  107.86,  990.87,   12.57,  989.06,   12.09,  989.35,   12.30,  987.19,   11.82,  987.28,   12.04,  987.20,   11.74, 5930.96,   72.57,     18850, 6003.53,   6009.12,    102.27,   6111.39
2023-04-16,16:21:10.498,   17.53,    7.03,   17.77,    7.62,   17.50,    6.99,   16.16,    6.39,   16.42,    6.76,   16.72,    6.86,  102.08,   41.66,     18800,  143.74, 1003.73,   14.32, 1001.26,   14.16, 1001.20,   14.23, 1000.01,   13.40, 1000.20,   13.85,  999.82,   13.47, 6006.21,   83.43,     19240, 6089.64,   6108.29,    125.09,   6233.38
2023-04-16,16:21:10.598,    8.76,    4.26,    8.96,    4.57,    8.62,    4.33,    7.95,    4.09,    7.87,    4.00,    7.94,    4.20,   50.11,   25.44,     18640,   75.55,  983.77,    9.68,  981.72,    9.59,  982.76,    9.74,  981.38,    9.14,  980.44,    9.38,  980.79,    9.16, 5890.88,   56.69,     18780, 5947.57,   5940.98,     82.14,   6023.12
2023-04-16,16:21:10.697,   12.03,    4.18,   11.88,    4.35,   11.83,    4.23,   10.24,    3.68,   10.44,    3.81,   10.52,    3.90,   66.94,   24.16,     18806,   91.10,  985.52,   10.96,  983.04,   10.60,  984.92,   10.85,  982.71,   10.12,  981.02,   10.34,  982.11,   10.18, 5899.34,   63.07,     19129, 5962.41,   5966.28,     87.22,   6053.50
2023-04-16,16:21:10.797,   13.49,    4.95,   13.35,    5.05,   13.45,    5.04,   11.79,    4.38,   12.15,    4.67,   11.88,    4.60,   76.11,   28.69,     18600,  104.80,  979.45,   12.07,  976.90,   11.98,  977.85,   11.99,  976.09,   11.32,  975.34,   11.47,  975.67,   11.57, 5861.30,   70.40,     18860, 5931.70,   5937.41,     99.09,   6036.49
2023-04-16,16:21:10.897,   12.84,    3.95,   12.92,    4.20,   12.89,    4.06,   11.39,    3.48,   11.43,    3.67,   11.69,    3.66,   73.16,   23.02,     18806,   96.19,  988.43,    8.30,  986.13,    8.32,  986.48,    8.33,  985.64,    7.76,  984.64,    8.12,  984.08,    7.83, 5915.40,   48.65,     19170, 5964.05,   5988.57,     71.67,   6060.24
2023-04-16,16:21:10.997,    8.96,    4.33,    9.19,    4.75,    8.96,    4.51,    8.32,    3.97,    8.90,    4.27,    8.48,    4.27,   52.80,   26.10,     18630,   78.90,  993.79,   11.54,  991.59,   11.13,  993.06,   11.38,  992.06,   10.74,  990.34,   11.02,  990.60,   11.11, 5951.44,   66.92,     18890, 6018.36,   6004.25,     93.02,   6097.26
2023-04-16,16:21:11.096,   14.81,    5.63,   15.00,    6.09,   14.82,    5.95,   13.22,    5.26,   13.30,    5.44,   13.40,    5.32,   84.54,   33.70,     18806,  118.24, 1002.27,   14.89,  999.56,   14.55, 1001.43,   14.51,  999.84,   13.99,  997.75,   13.94,  997.77,   13.74, 5998.62,   85.62,     19148, 6084.24,   6083.16,    119.32,   6202.48
2023-04-16,16:21:11.196,   10.37,    4.07,   10.55,    4.29,   10.30,    4.07,    8.75,    3.52,    8.97,    3.70,    9.02,    3.74,   57.96,   23.37,     18640,   81.34,  979.76,    9.99,  976.42,    9.70,  977.79,    9.95,  976.93,    9.19,  975.24,    9.55,  974.84,    9.14, 5860.98,   57.51,     18920, 5918.49,   5918.94,     80.89,   5999.83
2023-04-16,16:21:11.296,   17.82,    7.55,   17.67,    7.75,   17.66,    7.54,   15.95,    6.99,   16.09,    7.10,   16.03,    7.18,  101.22,   44.11,     18826,  145.33,  987.67,   15.44,  983.53,   15.03,  984.43,   15.26,  984.03,   14.46,  982.80,   14.58,  981.40,   14.45, 5903.86,   89.23,     19128, 5993.09,   6005.08,    133.34,   6138.43
2023-04-16,16:21:11.396,    4.22,    1.66,    4.33,    1.90,    4.18,    1.64,    4.08,    1.52,    4.06,    1.65,    4.31,    1.88,   25.17,   10.25,     18630,   35.42,  961.77,    5.77,  957.41,    5.68,  959.11,    5.69,  959.91,    5.61,  958.04,    5.65,  957.67,    5.53, 5753.91,   33.93,     19010, 5787.84,   5779.08,     44.18,   5823.27
2023-04-16,16:21:11.495,   18.71,    8.27,   18.67,    8.26,   18.74,    8.21,   16.74,    7.38,   17.36,    7.79,   17.06,    7.51,  107.27,   47.41,     18630,  154.68,  986.31,   16.92,  982.69,   16.80,  983.37,   17.11,  980.93,   16.30,  981.02,   16.32,  979.77,   16.22, 5894.10,   99.67,     19130, 5993.77,   6001.37,    147.08,   6148.45
2023-04-16,16:21:11.596,   32.50,   18.20,   33.07,   18.85,   32.50,   18.47,   30.28,   17.29,   30.26,   17.26,   30.49,   17.39,  189.10,  107.47,     18800,  296.57, 1044.48,   43.89, 1040.95,   43.75, 1043.01,   45.53, 1037.14,   41.38, 1037.86,   45.21, 1035.26,   41.16, 6238.71,  260.93,     18940, 6499.64,   6427.81,    368.39,   6796.21
2023-04-16,16:21:11.696,   38.85,   19.54,   37.53,   17.71,   37.65,   17.80,   36.18,   17.15,   38.15,   20.30,   35.64,   16.75,  224.00,  109.24,     18640,  333.24, 1030.02,   23.20, 1028.68,   22.86, 1029.16,   23.21, 1023.26,   22.24, 1023.29,   22.47, 1022.87,   21.80, 6157.28,  135.79,     18890, 6293.07,   6381.28,    245.03,   6626.31
2023-04-16,16:21:11.797,   11.36,    4.91,   11.50,    5.18,   11.17,    4.77,   10.65,    4.50,   10.68,    4.59,   10.92,    4.77,   66.28,   28.72,     18820,   95.00, 1010.00,   10.73, 1008.77,   10.45, 1009.25,   10.78, 1004.69,   10.18, 1005.39,   10.37, 1004.56,   10.23, 6042.67,   62.74,     19350, 6105.41,   6108.95,     91.46,   6200.41
2023-04-16,16:21:11.897,   19.31,    6.79,   19.29,    7.14,   19.35,    6.89,   17.79,    6.32,   18.03,    6.40,   18.12,    6.52,  111.89,   40.06,     18620,  151.94, 1007.12,   14.09, 1006.59,   13.95, 1007.64,   13.99, 1002.40,   13.19, 1002.78,   13.39, 1001.65,   13.34, 6028.18,   81.96,     18930, 6110.14,   6140.06,    122.02,   6262.08
2023-04-16,16:21:11.996,   20.06,    7.20,   20.39,    7.71,   20.19,    7.39,   18.36,    6.34,   18.62,    6.86,   18.63,    6.84,  116.25,   42.35,     18836,  158.60,  363.00,   37.81,  362.70,   37.66,  363.05,   37.70,  358.48,   35.80,  359.33,   36.43,  358.81,   36.11, 2165.38,  221.52,     18977, 2386.90,   2281.63,    263.87,   2545.50
