,,SKT0,SKT0,SKT0,SKT0,SKT0,SKT0,SKT0,SKT0,SKT0,SKT0,SKT0,SKT0,SKT1,SKT1,SKT1,SKT1,SKT1,SKT1,SKT1,SKT1,SKT1,SKT1,SKT1,SKT1,System,System,System
Date,Time,Ch0Read,Ch0Write,Ch1Read,Ch1Write,Ch2Read,Ch2Write,Ch3Read,Ch3Write,Mem Read (MB/s),Mem Write (MB/s),P. Write (T/s),Memory (MB/s),Ch0Read,Ch0Write,Ch1Read,Ch1Write,Ch2Read,Ch2Write,Ch3Read,Ch3Write,Mem Read (MB/s),Mem Write (MB/s),P. Write (T/s),Memory (MB/s),Read,Write,Memory
2023-02-07,18:15:30.506,    7.82,    6.12,    4.44,    2.74,    7.69,    6.18,    4.24,    2.71,   24.19,   17.75,    104198,   41.94,    6.40,    4.88,    2.86,    1.53,    6.09,    4.83,    3.10,    1.72,   18.45,   12.96,    104178,   31.41,     42.64,     30.71,     73.35
2023-02-07,18:15:30.606,   40.23,   21.21,   36.79,   17.85,   40.12,   21.03,   35.23,   17.28,  152.38,   77.37,    105540,  229.75,   34.77,   13.90,   29.54,    9.96,   32.71,   13.16,   34.95,   12.69,  131.97,   49.71,    105610,  181.68,    284.35,    127.07,    411.43
2023-02-07,18:15:30.706,   12.28,    6.42,    9.05,    3.19,   12.32,    6.59,    8.84,    3.25,   42.49,   19.45,    104260,   61.94,    7.63,    5.45,    3.79,    2.03,    7.01,    5.37,    4.08,    2.19,   22.51,   15.03,    104240,   37.54,     65.00,     34.48,     99.48
2023-02-07,18:15:30.806,    8.50,    5.38,    5.25,    1.98,    8.52,    5.42,    4.97,    2.02,   27.24,   14.80,    105280,   42.04,    9.12,    5.11,    5.41,    1.71,    8.50,    5.05,    5.75,    1.93,   28.77,   13.81,    105280,   42.58,     56.01,     28.61,     84.62
2023-02-07,18:15:30.907,    8.23,    5.07,    4.61,    1.61,    8.01,    5.07,    4.48,    1.73,   25.33,   13.48,    105270,   38.81,    8.00,    4.84,    4.28,    1.37,    7.53,    4.77,    4.65,    1.47,   24.46,   12.45,    105280,   36.91,     49.79,     25.93,     75.73
2023-02-07,18:15:31.006,    3.98,    4.18,    0.57,    0.82,    3.90,    4.25,    0.51,    0.81,    8.96,   10.07,    104240,   19.03,    7.74,    4.09,    4.56,    0.81,    7.71,    4.06,    5.04,    0.98,   25.06,    9.94,    104240,   35.00,     34.02,     20.01,     54.03
2023-02-07,18:15:31.106,    6.99,    4.25,    3.66,    0.95,    7.05,    4.33,    3.51,    0.93,   21.21,   10.47,    105280,   31.68,    5.50,    4.33,    1.88,    0.91,    5.15,    4.27,    1.93,    0.96,   14.46,   10.47,    105280,   24.94,     35.68,     20.94,     56.62
2023-02-07,18:15:31.206,    6.65,    4.75,    3.11,    1.37,    6.58,    4.84,    2.88,    1.39,   19.22,   12.36,    104240,   31.58,    8.73,    4.57,    4.89,    1.14,    8.28,    4.51,    5.20,    1.27,   27.10,   11.50,    104220,   38.59,     46.32,     23.85,     70.17
2023-02-07,18:15:31.306,    4.40,    3.71,    0.97,    0.34,    4.38,    3.69,    0.94,    0.32,   10.69,    8.06,    105280,   18.75,    4.67,    3.73,    1.21,    0.33,    4.38,    3.70,    1.12,    0.35,   11.38,    8.11,    105300,   19.48,     22.07,     16.17,     38.24
2023-02-07,18:15:31.407,   13.92,    8.75,   10.62,    5.37,   13.96,    8.76,   10.52,    5.42,   49.01,   28.31,    105290,   77.33,    5.68,    5.29,    2.24,    1.90,    5.37,    5.21,    2.49,    2.06,   15.79,   14.46,    105270,   30.25,     64.80,     42.77,    107.57
2023-02-07,18:15:31.506,   10.45,    7.77,    7.15,    4.52,   10.65,    7.80,    7.05,    4.44,   35.30,   24.53,    104240,   59.82,    9.58,    6.08,    5.92,    2.72,    9.23,    6.04,    6.30,    2.92,   31.02,   17.76,    104230,   48.78,     66.32,     42.29,    108.61
2023-02-07,18:15:31.606,    4.12,    4.25,    0.61,    0.85,    4.01,    4.21,    0.59,    0.86,    9.32,   10.18,    105270,   19.50,    6.71,    3.99,    3.15,    0.60,    6.49,    3.96,    3.44,    0.68,   19.79,    9.23,    105280,   29.02,     29.11,     19.40,     48.52
2023-02-07,18:15:31.706,   12.20,    8.58,    8.73,    5.13,   12.08,    8.59,    8.47,    5.13,   41.48,   27.43,    104250,   68.92,   14.68,    8.58,   10.81,    5.27,   14.25,    8.51,   11.25,    5.37,   50.99,   27.73,    104220,   78.72,     92.47,     55.16,    147.64
2023-02-07,18:15:31.806,    5.97,    6.89,    2.60,    3.54,    6.02,    6.84,    2.62,    3.64,   17.21,   20.92,    105360,   38.12,   15.97,    9.40,   12.46,    5.91,   15.91,    9.33,   13.64,    6.27,   57.99,   30.90,    105320,   88.89,     75.20,     51.82,    127.01
2023-02-07,18:15:31.907,   15.11,    7.69,   11.73,    4.29,   15.01,    7.71,   11.41,    4.32,   53.26,   24.02,    105300,   77.28,   11.51,    9.38,    7.74,    5.96,   11.20,    9.38,    8.03,    6.10,   38.48,   30.83,    105300,   69.31,     91.74,     54.84,    146.59
2023-02-07,18:15:32.006,    7.34,    5.59,    4.10,    2.30,    7.22,    5.61,    3.93,    2.33,   22.57,   15.83,    104240,   38.40,   10.40,    8.84,    8.00,    5.76,   10.68,    8.91,    7.54,    5.72,   36.62,   29.23,    104230,   65.85,     59.20,     45.05,    104.25
2023-02-07,18:15:32.106,   12.38,    7.04,    8.99,    3.89,   12.07,    7.10,    8.66,    3.83,   42.10,   21.87,    105270,   63.97,   12.61,   18.34,    8.93,   14.85,   12.33,   18.29,    9.22,   15.14,   43.09,   66.62,    105290,  109.71,     85.19,     88.49,    173.68
2023-02-07,18:15:32.206,   32.41,   18.92,   28.88,   15.56,   31.90,   18.82,   28.23,   15.51,  121.42,   68.80,    104220,  190.22,   24.10,   13.95,   20.13,   10.61,   23.35,   13.77,   20.60,   10.76,   88.18,   49.10,    104220,  137.28,    209.60,    117.90,    327.50
2023-02-07,18:15:32.306,    7.87,   19.85,    4.49,   16.35,    7.54,   19.99,    3.97,   16.32,   23.87,   72.51,    105320,   96.38,   12.59,   46.39,    8.95,   42.94,   12.56,   46.23,    9.50,   43.25,   43.60,  178.81,    105320,  222.41,     67.47,    251.32,    318.79
2023-02-07,18:15:32.407,   14.39,    5.78,   11.02,    2.38,   14.05,    5.87,   10.36,    2.32,   49.83,   16.36,    105280,   66.19,   13.08,   47.62,    9.16,   44.31,   12.53,   47.67,    9.66,   44.53,   44.43,  184.14,    105300,  228.57,     94.26,    200.49,    294.75
2023-02-07,18:15:32.506,   13.32,    6.70,    9.74,    3.35,   12.76,    6.73,    8.88,    3.21,   44.70,   20.00,    104250,   64.70,   21.55,   49.03,   17.32,   45.79,   20.92,   48.93,   17.98,   46.01,   77.77,  189.75,    104220,  267.52,    122.47,    209.76,    332.22
2023-02-07,18:15:32.606,    9.51,    6.95,    6.03,    3.53,    9.07,    6.92,    5.41,    3.48,   30.01,   20.88,    105290,   50.89,   11.40,   39.76,    7.71,   36.01,   10.76,   39.68,    7.83,   36.23,   37.70,  151.69,    105290,  189.39,     67.71,    172.56,    240.28
2023-02-07,18:15:32.706,   10.17,    6.00,    6.56,    2.65,    9.73,    6.06,    6.15,    2.67,   32.62,   17.38,    104220,   49.99,   10.86,   39.69,    7.15,   36.24,   10.13,   39.46,    7.06,   36.30,   35.19,  151.69,    104230,  186.88,     67.80,    169.06,    236.87
2023-02-07,18:15:32.806,    6.89,    4.80,    3.41,    1.38,    6.57,    4.68,    3.11,    1.34,   19.97,   12.20,    105280,   32.17,    9.69,   39.34,    6.09,   35.85,    9.08,   39.29,    6.19,   36.08,   31.06,  150.56,    105310,  181.62,     51.03,    162.77,    213.80
2023-02-07,18:15:32.907,    7.34,    4.37,    3.98,    1.07,    7.07,    4.38,    3.72,    1.02,   22.12,   10.84,    105290,   32.97,    7.70,   41.22,    4.06,   37.82,    7.38,   40.98,    4.44,   37.86,   23.57,  157.88,    105260,  181.46,     45.70,    168.73,    214.42
2023-02-07,18:15:33.006,    5.44,    4.49,    2.12,    1.15,    5.40,    4.44,    2.02,    1.13,   14.98,   11.20,    104220,   26.18,    8.79,   39.78,    5.18,   36.56,    8.54,   40.07,    5.65,   36.83,   28.16,  153.24,    104220,  181.41,     43.14,    164.45,    207.59
2023-02-07,18:15:33.106,    6.36,    4.23,    3.04,    0.88,    6.37,    4.27,    3.00,    0.88,   18.76,   10.26,    105280,   29.02,    8.91,   42.65,    5.42,   39.14,    8.60,   42.47,    5.49,   39.09,   28.43,  163.35,    105300,  191.78,     47.19,    173.61,    220.80
2023-02-07,18:15:33.206,   20.92,    4.33,   17.46,    1.01,   20.78,    4.35,   17.37,    1.06,   76.53,   10.75,    104250,   87.28,   18.20,   65.10,   14.44,   61.50,   17.75,   64.83,   14.85,   61.74,   65.25,  253.17,    104260,  318.42,    141.78,    263.92,    405.70
2023-02-07,18:15:33.306,    5.52,    4.47,    2.06,    1.06,    5.44,    4.46,    1.99,    1.03,   15.01,   11.02,    105290,   26.04,    6.89,   30.96,    3.57,   27.58,    6.68,   30.83,    3.74,   28.02,   20.88,  117.40,    105280,  138.28,     35.89,    128.42,    164.31
2023-02-07,18:15:33.407,    4.97,    5.72,    1.64,    2.40,    4.97,    5.67,    1.59,    2.39,   13.16,   16.18,    105280,   29.34,    8.02,   32.69,    4.59,   29.56,    7.78,   32.67,    4.92,   29.55,   25.31,  124.47,    105280,  149.78,     38.47,    140.66,    179.13
2023-02-07,18:15:33.506,    9.18,    5.54,    5.86,    2.16,    9.25,    5.61,    5.75,    2.22,   30.03,   15.53,    104230,   45.56,   10.54,   42.34,    7.13,   39.23,   10.12,   42.56,    7.40,   39.05,   35.19,  163.17,    104250,  198.36,     65.22,    178.70,    243.92
2023-02-07,18:15:33.606,   25.19,    9.39,   21.76,    6.03,   25.44,    9.57,   21.75,    6.33,   94.15,   31.31,    105300,  125.46,   28.24,   59.94,   24.64,   56.40,   28.11,   59.72,   25.01,   56.84,  106.01,  232.91,    105320,  338.92,    200.16,    264.22,    464.38
2023-02-07,18:15:33.706,    8.67,    7.13,    5.40,    3.78,    8.67,    7.21,    5.06,    3.81,   27.80,   21.93,    104270,   49.73,   16.96,   41.77,   13.07,   38.45,   16.42,   41.92,   13.53,   38.56,   59.98,  160.71,    104240,  220.69,     87.78,    182.64,    270.42
2023-02-07,18:15:33.806,    5.56,    6.15,    2.20,    2.90,    5.57,    6.13,    2.06,    2.88,   15.39,   18.06,    105260,   33.45,    9.56,   37.26,    6.04,   33.68,    9.33,   36.87,    6.35,   33.80,   31.28,  141.61,    105270,  172.89,     46.67,    159.67,    206.34
2023-02-07,18:15:33.907,    8.73,    5.62,    5.62,    2.23,    8.87,    5.58,    5.45,    2.25,   28.66,   15.68,    105260,   44.34,   16.35,   46.20,   12.30,   42.64,   16.14,   46.11,   12.71,   42.94,   57.50,  177.88,    105320,  235.38,     86.16,    193.56,    279.72
2023-02-07,18:15:34.006,    4.68,    4.35,    1.35,    1.03,    4.76,    4.41,    1.28,    1.04,   12.06,   10.83,    104220,   22.89,    7.64,   37.26,    4.13,   33.80,    7.28,   37.34,    4.33,   33.97,   23.38,  142.37,    104220,  165.76,     35.45,    153.20,    188.65
2023-02-07,18:15:34.106,    8.01,    4.71,    4.73,    1.36,    8.03,    4.72,    4.48,    1.34,   25.25,   12.12,    105260,   37.37,    8.87,   40.73,    5.31,   37.52,    8.36,   40.62,    5.31,   37.31,   27.85,  156.18,    105260,  184.03,     53.10,    168.30,    221.40
2023-02-07,18:15:34.206,   11.83,    5.14,    8.34,    1.63,   11.80,    5.12,    8.35,    1.66,   40.32,   13.55,    104220,   53.86,   14.39,   49.12,   10.56,   45.57,   14.15,   48.93,   11.30,   46.05,   50.41,  189.67,    104220,  240.08,     90.73,    203.22,    293.95
2023-02-07,18:15:34.306,   16.65,    4.61,   13.20,    1.32,   16.45,    4.63,   13.05,    1.25,   59.34,   11.82,    105280,   71.16,   14.30,   49.02,   10.73,   45.67,   13.96,   48.95,   10.98,   45.81,   49.97,  189.44,    105260,  239.42,    109.32,    201.26,    310.57
2023-02-07,18:15:34.407,    5.00,    5.60,    1.75,    2.27,    4.96,    5.64,    1.68,    2.28,   13.38,   15.79,    105260,   29.18,    8.09,   31.59,    4.26,   28.11,    7.51,   31.56,    4.46,   28.18,   24.33,  119.43,    105280,  143.76,     37.71,    135.23,    172.93
2023-02-07,18:15:34.506,   29.64,    9.31,   26.17,    5.91,   29.36,    9.18,   26.11,    5.92,  111.28,   30.32,    104280,  141.60,   19.14,   71.06,   15.50,   67.62,   18.84,   70.99,   16.03,   67.81,   69.51,  277.48,    104240,  346.99,    180.79,    307.80,    488.59
2023-02-07,18:15:34.606,    4.39,   13.03,    1.01,    9.65,    4.25,   13.01,    0.92,    9.58,   10.57,   45.27,    105300,   55.84,    6.95,   22.41,    3.49,   19.11,    6.76,   22.44,    3.78,   19.29,   20.98,   83.25,    105270,  104.22,     31.55,    128.52,    160.07
2023-02-07,18:15:34.706,    7.65,   11.68,    4.35,    8.18,    7.59,   11.65,    4.19,    8.25,   23.77,   39.76,    104230,   63.54,   10.41,   33.34,    6.79,   29.87,   10.07,   33.28,    7.16,   29.94,   34.44,  126.44,    104220,  160.87,     58.21,    166.20,    224.41
2023-02-07,18:15:34.806,    5.23,    5.78,    1.87,    2.46,    5.20,    5.85,    1.79,    2.51,   14.09,   16.60,    105280,   30.69,    7.54,   36.83,    3.97,   33.47,    7.34,   36.69,    4.38,   33.61,   23.23,  140.59,    105300,  163.82,     37.32,    157.19,    194.51
2023-02-07,18:15:34.907,    6.74,    4.62,    3.27,    1.30,    6.58,    4.65,    3.21,    1.27,   19.79,   11.84,    105280,   31.63,    9.37,   42.02,    5.61,   38.54,    8.96,   41.88,    6.14,   38.82,   30.09,  161.26,    105270,  191.34,     49.88,    173.09,    222.98
2023-02-07,18:15:35.006,    4.14,    3.87,    0.82,    0.48,    4.12,    3.87,    0.77,    0.52,    9.85,    8.74,    104200,   18.59,    6.27,   38.09,    2.80,   34.75,    6.14,   38.11,    3.21,   34.91,   18.41,  145.85,    104200,  164.27,     28.26,    154.60,    182.86
2023-02-07,18:15:35.106,    5.36,    4.10,    1.98,    0.74,    5.37,    4.10,    2.00,    0.78,   14.71,    9.73,    105240,   24.44,    7.91,   41.06,    4.40,   37.66,    7.59,   40.85,    4.33,   37.62,   24.23,  157.19,    105250,  181.42,     38.94,    166.92,    205.86
2023-02-07,18:15:35.207,   10.25,    6.28,    6.96,    2.92,   10.28,    6.32,    6.81,    2.95,   34.31,   18.47,    104216,   52.78,   16.69,   47.67,   12.92,   44.10,   15.98,   47.69,   13.27,   44.47,   58.85,  183.94,    104246,  242.79,     93.16,    202.40,    295.57
2023-02-07,18:15:35.307,   69.31,   11.58,   69.47,    9.41,   68.28,   11.41,   67.21,    8.67,  274.27,   41.06,    105410,  315.33,   30.52,   78.04,   24.10,   74.15,   27.10,   77.28,   27.85,   75.39,  109.57,  304.85,    105300,  414.42,    383.83,    345.92,    729.75
2023-02-07,18:15:35.408,    8.69,    6.97,    5.35,    3.66,    8.74,    7.04,    5.28,    3.66,   28.06,   21.34,    105300,   49.39,    9.52,   25.76,    5.89,   22.36,    9.14,   25.49,    6.28,   22.48,   30.83,   96.09,    105300,  126.92,     58.89,    117.43,    176.32
2023-02-07,18:15:35.507,   21.32,    9.66,   17.90,    6.12,   21.58,    9.77,   17.78,    6.28,   78.57,   31.83,    104220,  110.41,   20.06,   48.25,   16.36,   44.48,   18.98,   48.04,   16.22,   44.72,   71.61,  185.49,    104230,  257.10,    150.19,    217.32,    367.51
2023-02-07,18:15:35.607,    4.89,    6.15,    1.48,    2.73,    4.66,    6.19,    1.37,    2.76,   12.41,   17.83,    105300,   30.24,    7.11,   34.71,    3.60,   31.47,    6.65,   34.81,    3.69,   31.58,   21.04,  132.57,    105300,  153.61,     33.45,    150.39,    183.85
2023-02-07,18:15:35.708,   10.65,   10.26,    7.24,    6.79,   10.73,   10.27,    7.17,    6.80,   35.79,   34.13,    104216,   69.92,   18.40,   41.20,   14.39,   37.54,   17.84,   40.94,   14.75,   37.61,   65.39,  157.29,    104236,  222.68,    101.17,    191.42,    292.59
2023-02-07,18:15:35.808,    9.37,    5.44,    5.95,    2.01,    9.29,    5.45,    5.88,    2.09,   30.49,   14.99,    105280,   45.48,    9.47,   39.73,    5.88,   36.46,    8.96,   39.62,    5.93,   36.61,   30.24,  152.43,    105300,  182.67,     60.73,    167.42,    228.15
2023-02-07,18:15:35.909,    9.75,    5.95,    6.55,    2.75,    9.84,    6.08,    6.41,    2.77,   32.55,   17.55,    105270,   50.10,   14.65,   41.80,   10.40,   38.12,   13.89,   41.67,   10.68,   38.23,   49.62,  159.81,    105260,  209.43,     82.16,    177.36,    259.53
2023-02-07,18:15:36.008,    5.30,    6.48,    1.96,    3.24,    5.40,    6.49,    1.86,    3.19,   14.52,   19.39,    104210,   33.92,   11.31,   46.58,    7.65,   43.32,   11.13,   46.48,    8.20,   43.57,   38.29,  179.95,    104220,  218.24,     52.81,    199.34,    252.15
2023-02-07,18:15:36.108,    6.94,    4.46,    3.56,    1.05,    6.92,    4.47,    3.51,    1.11,   20.93,   11.09,    105300,   32.02,    8.95,   40.59,    5.39,   37.18,    8.64,   40.67,    5.73,   37.37,   28.71,  155.81,    105260,  184.51,     49.64,    166.90,    216.54
2023-02-07,18:15:36.209,   46.36,   12.56,   42.41,    9.08,   46.09,   12.76,   41.10,    8.89,  175.96,   43.29,    104246,  219.25,   44.16,   63.25,   38.22,   59.15,   41.15,   62.36,   44.36,   62.56,  167.90,  247.32,    104346,  415.22,    343.85,    290.61,    634.47
2023-02-07,18:15:36.309,   23.67,    6.36,   20.33,    3.08,   23.50,    6.43,   20.10,    3.08,   87.60,   18.96,    105320,  106.56,   34.51,   53.86,   30.82,   50.81,   34.55,   54.35,   31.55,   50.75,  131.42,  209.77,    105370,  341.19,    219.02,    228.73,    447.75
2023-02-07,18:15:36.410,    8.55,    6.34,    5.15,    2.90,    8.40,    6.40,    5.08,    2.90,   27.18,   18.55,    105300,   45.73,   14.64,   30.70,   10.90,   27.11,   14.16,   30.45,   11.09,   27.34,   50.79,  115.59,    105300,  166.38,     77.98,    134.14,    212.11
2023-02-07,18:15:36.509,   12.48,    7.83,    9.30,    4.53,   12.46,    7.97,    8.75,    4.57,   43.00,   24.89,    104260,   67.89,   37.16,   46.36,   35.88,   44.66,   33.70,   45.95,   32.18,   42.82,  138.93,  179.79,    104290,  318.71,    181.92,    204.68,    386.60
2023-02-07,18:15:36.609,    4.31,    4.66,    0.90,    1.32,    4.29,    4.69,    0.90,    1.33,   10.40,   12.00,    105280,   22.39,    7.38,   32.97,    3.95,   29.56,    7.20,   32.91,    4.04,   29.83,   22.57,  125.27,    105280,  147.84,     32.97,    137.27,    170.24
2023-02-07,18:15:36.709,    9.67,    4.72,    6.39,    1.37,    9.66,    4.74,    6.17,    1.34,   31.89,   12.17,    104230,   44.06,   11.45,   42.72,    7.69,   39.25,   10.95,   42.51,    7.81,   39.31,   37.91,  163.79,    104220,  201.69,     69.79,    175.96,    245.75
2023-02-07,18:15:36.809,    6.33,    4.04,    2.93,    0.70,    6.25,    4.03,    2.86,    0.69,   18.37,    9.46,    105270,   27.83,    8.18,   39.63,    4.61,   36.27,    7.68,   39.55,    4.67,   36.36,   25.14,  151.80,    105260,  176.94,     43.51,    161.27,    204.77
2023-02-07,18:15:36.910,    6.09,    4.49,    2.83,    1.18,    6.14,    4.55,    2.85,    1.19,   17.91,   11.40,    105280,   29.32,    7.46,   39.35,    3.89,   35.82,    6.95,   39.42,    3.91,   35.94,   22.21,  150.54,    105280,  172.75,     40.12,    161.94,    202.07
2023-02-07,18:15:37.009,    8.73,    4.72,    5.53,    1.41,    8.59,    4.70,    5.29,    1.41,   28.14,   12.24,    104230,   40.38,   12.39,   42.59,    8.69,   39.16,   11.81,   42.42,    9.05,   39.29,   41.94,  163.46,    104250,  205.40,     70.09,    175.70,    245.78
2023-02-07,18:15:37.109,    6.29,    4.28,    2.89,    0.94,    6.27,    4.28,    2.86,    0.92,   18.31,   10.42,    105280,   28.73,    7.96,   39.57,    4.48,   36.29,    7.64,   39.51,    4.75,   36.51,   24.84,  151.87,    105280,  176.71,     43.14,    162.30,    205.44
2023-02-07,18:15:37.209,    7.10,    4.26,    3.60,    0.88,    6.90,    4.26,    3.43,    0.94,   21.03,   10.35,    104220,   31.37,   13.31,   44.23,    9.59,   40.93,   12.65,   43.94,   10.01,   40.91,   45.56,  170.01,    104220,  215.57,     66.59,    180.36,    246.95
2023-02-07,18:15:37.309,   22.33,    4.66,   18.94,    1.34,   22.16,    4.64,   18.78,    1.30,   82.20,   11.93,    105290,   94.13,   18.90,   60.69,   15.34,   56.99,   18.36,   60.61,   15.40,   57.36,   68.01,  235.65,    105300,  303.66,    150.21,    247.58,    397.79
2023-02-07,18:15:37.410,    9.11,    5.56,    5.67,    2.14,    9.00,    5.49,    5.63,    2.13,   29.41,   15.33,    105280,   44.74,    9.66,   32.30,    6.02,   29.06,    9.37,   32.19,    6.58,   29.02,   31.63,  122.56,    105260,  154.19,     61.04,    137.89,    198.93
2023-02-07,18:15:37.509,   10.94,    7.23,    7.59,    3.83,   10.95,    7.27,    7.27,    3.80,   36.75,   22.14,    104220,   58.89,   13.54,   40.24,    9.80,   36.77,   13.00,   40.25,   10.17,   37.09,   46.51,  154.35,    104240,  200.86,     83.26,    176.49,    259.75
2023-02-07,18:15:37.609,   17.67,    7.77,   14.56,    4.36,   17.88,    8.02,   14.36,    4.64,   64.47,   24.79,    105300,   89.25,   16.75,   42.18,   11.58,   38.89,   15.63,   42.16,   12.19,   39.05,   56.14,  162.27,    105310,  218.42,    120.61,    187.06,    307.67
2023-02-07,18:15:37.709,   11.61,    6.30,    8.10,    2.85,   11.41,    6.28,    7.91,    2.87,   39.03,   18.30,    104250,   57.33,   20.34,   46.56,   16.54,   43.05,   19.97,   46.54,   16.70,   43.10,   73.56,  179.24,    104250,  252.80,    112.59,    197.54,    310.14
2023-02-07,18:15:37.809,    7.91,    7.33,    4.56,    4.03,    8.03,    7.37,    4.48,    4.07,   24.97,   22.81,    105320,   47.78,   27.66,  340.23,   24.07,  336.86,   27.05,  340.12,   23.96,  337.03,  102.74, 1354.24,    105390, 1456.98,    127.72,   1377.05,   1504.76
2023-02-07,18:15:37.910,   12.96,    5.99,    9.64,    2.69,   13.09,    6.01,    9.63,    2.74,   45.32,   17.44,    104296,   62.76,   39.65,  443.66,   35.59,  440.30,   38.98,  443.67,   35.89,  440.58,  150.12, 1768.21,    104356, 1918.33,    195.44,   1785.65,   1981.09
2023-02-07,18:15:38.010,    9.06,    5.59,    5.67,    2.15,    9.13,    5.63,    5.50,    2.27,   29.36,   15.63,    105320,   44.99,   32.92,  445.96,   29.31,  442.45,   32.61,  445.72,   29.56,  442.54,  124.40, 1776.67,    105360, 1901.07,    153.76,   1792.30,   1946.06
2023-02-07,18:15:38.111,   13.97,    5.51,   10.74,    2.14,   14.03,    5.60,   10.51,    2.23,   49.25,   15.48,    105310,   64.72,   33.05,  450.80,   29.36,  447.28,   32.56,  450.80,   29.44,  447.38,  124.41, 1796.26,    105330, 1920.67,    173.66,   1811.74,   1985.39
2023-02-07,18:15:38.210,   18.24,    7.59,   15.14,    4.30,   18.39,    7.70,   14.61,    4.31,   66.39,   23.90,    104280,   90.30,   64.66,  450.72,   60.68,  447.19,   64.26,  450.59,   61.41,  447.34,  251.02, 1795.85,    104340, 2046.86,    317.41,   1819.75,   2137.16
2023-02-07,18:15:38.321,   31.54,   18.88,   28.26,   15.67,   31.55,   19.13,   27.81,   15.53,  119.16,   69.21,    105368,  188.37, 1925.06,  200.78, 1916.23,  195.31, 1926.24,  200.81, 1922.49,  197.95, 7690.03,  794.85,    114795, 8484.87,   7809.19,    864.06,   8673.25
2023-02-07,18:15:38.417,   33.41,   12.08,   30.08,    8.57,   33.47,   12.16,   29.09,    8.62,  126.05,   41.43,    104227,  167.49, 2087.70,  200.45, 2079.05,  197.06, 2090.47,  203.14, 2085.27,  197.36, 8342.50,  798.01,    105355, 9140.50,   8468.55,    839.44,   9307.99
2023-02-07,18:15:38.525,   21.48,   11.48,   18.38,    8.13,   21.98,   11.57,   17.80,    7.96,   79.64,   39.15,    105553,  118.79, 2341.29,  247.73, 2335.09,  242.12, 2338.26,  246.76, 2330.46,  241.91, 9345.10,  978.51,    114639,10323.62,   9424.75,   1017.66,  10442.41
2023-02-07,18:15:38.618,   13.37,    5.17,   10.06,    1.87,   13.56,    5.29,    9.79,    1.83,   46.78,   14.15,    104940,   60.93, 2430.81,  283.96, 2431.59,  280.70, 2431.24,  283.42, 2432.19,  280.71, 9725.83, 1128.79,    106100,10854.62,   9772.61,   1142.94,  10915.55
2023-02-07,18:15:38.717,   18.12,    6.40,   14.83,    3.04,   18.39,    6.57,   14.41,    2.97,   65.75,   18.97,    104380,   84.73, 2318.20,  254.49, 2314.50,  249.39, 2325.90,  255.98, 2322.35,  254.28, 9280.96, 1014.13,    109730,10295.09,   9346.71,   1033.10,  10379.81
2023-02-07,18:15:38.818,   15.05,    5.25,   11.73,    1.93,   15.25,    5.49,   11.30,    1.84,   53.33,   14.51,    105420,   67.84, 2070.43,  177.24, 2064.76,  172.12, 2062.96,  174.54, 2063.25,  171.24, 8261.40,  695.13,    109600, 8956.53,   8314.73,    709.64,   9024.37
2023-02-07,18:15:38.917,   18.64,    6.79,   15.44,    3.52,   18.93,    6.98,   15.02,    3.35,   68.03,   20.63,    104360,   88.65, 1807.71,  110.09, 1801.09,  106.38, 1807.76,  110.28, 1800.30,  105.22, 7216.86,  431.97,    108330, 7648.83,   7284.89,    452.60,   7737.49
2023-02-07,18:15:39.018,   11.77,    5.28,    8.73,    2.05,   12.25,    5.64,    8.26,    1.91,   41.00,   14.89,    104376,   55.89, 1919.97,  140.64, 1921.93,  139.96, 1929.71,  145.39, 1913.15,  137.15, 7684.75,  563.14,    108861, 8247.89,   7725.75,    578.03,   8303.78
2023-02-07,18:15:39.118,   13.03,    5.23,    9.93,    1.96,   13.51,    5.53,    9.61,    1.83,   46.07,   14.56,    105420,   60.63, 1794.33,  103.35, 1797.09,  103.22, 1796.44,  105.61, 1785.26,   98.53, 7173.12,  410.70,    109640, 7583.83,   7219.20,    425.26,   7644.46
2023-02-07,18:15:39.219,   12.75,    5.54,    9.67,    2.35,   13.32,    5.94,    9.22,    2.21,   44.96,   16.04,    104376,   61.00, 1963.35,  155.17, 1960.66,  152.53, 1965.06,  157.08, 1960.90,  152.06, 7849.96,  616.84,    109534, 8466.80,   7894.92,    632.88,   8527.80
2023-02-07,18:15:39.329,   22.88,    6.72,   19.63,    3.46,   23.45,    7.17,   19.36,    3.29,   85.32,   20.64,    105597,  105.96, 2277.34,  219.11, 2273.26,  214.70, 2288.85,  222.84, 2272.96,  215.02, 9112.42,  871.66,    114715, 9984.09,   9197.74,    892.31,  10090.05
2023-02-07,18:15:39.422,   19.33,    8.48,   16.12,    5.16,   19.77,    8.71,   15.70,    4.91,   70.91,   27.27,    104960,   98.18, 2502.17,  322.79, 2505.73,  320.49, 2506.29,  323.78, 2501.51,  319.39,10015.70, 1286.46,    107150,11302.16,  10086.62,   1313.73,  11400.35
2023-02-07,18:15:39.529,   62.08,   32.89,   58.93,   29.71,   62.40,   32.98,   58.35,   29.39,  241.75,  124.97,    104800,  366.72, 2028.89,  156.10, 2026.79,  154.19, 2024.84,  155.22, 2025.02,  152.99, 8105.54,  618.50,    112880, 8724.04,   8347.29,    743.46,   9090.75
2023-02-07,18:15:39.622,   20.47,   11.15,   17.37,    7.91,   21.56,   11.64,   16.82,    7.80,   76.22,   38.51,    104980,  114.73, 1852.20,  132.83, 1845.59,  128.94, 1853.67,  134.20, 1851.26,  131.24, 7402.73,  527.22,    105060, 7929.94,   7478.94,    565.73,   8044.67
2023-02-07,18:15:39.721,   19.17,    7.26,   16.20,    3.98,   19.72,    7.49,   15.66,    3.79,   70.74,   22.52,    104410,   93.27, 2125.49,  187.89, 2111.17,  179.89, 2122.34,  186.94, 2115.54,  182.33, 8474.54,  737.06,    108560, 9211.60,   8545.29,    759.58,   9304.87
2023-02-07,18:15:39.822,   11.83,    5.20,    8.80,    1.93,   12.33,    5.50,    8.41,    1.78,   41.36,   14.42,    105440,   55.78, 1900.02,  137.68, 1891.11,  131.53, 1902.74,  138.36, 1886.88,  130.71, 7580.75,  538.29,    110070, 8119.03,   7622.11,    552.70,   8174.81
2023-02-07,18:15:39.921,   16.53,    6.34,   13.40,    3.00,   17.02,    6.64,   12.98,    2.98,   59.93,   18.96,    104360,   78.89, 2015.69,  171.62, 2020.87,  170.20, 2020.83,  173.82, 2018.90,  169.78, 8076.29,  685.43,    109070, 8761.72,   8136.22,    704.39,   8840.60
2023-02-07,18:15:40.022,   15.88,    5.89,   12.76,    2.60,   16.28,    6.18,   12.29,    2.47,   57.21,   17.13,    104395,   74.34, 1974.84,  151.55, 1970.25,  148.72, 1971.06,  150.26, 1980.20,  151.82, 7896.34,  602.35,    108504, 8498.69,   7953.55,    619.48,   8573.03
2023-02-07,18:15:40.122,   14.17,    5.31,   10.88,    1.96,   14.58,    5.63,   10.65,    1.92,   50.27,   14.82,    105420,   65.10, 1972.86,  155.66, 1974.83,  154.65, 1970.23,  156.01, 1966.41,  150.93, 7884.34,  617.24,    110160, 8501.58,   7934.61,    632.06,   8566.67
2023-02-07,18:15:40.222,   19.49,    6.79,   16.35,    3.50,   19.90,    7.08,   15.92,    3.46,   71.67,   20.83,    104390,   92.49, 2323.38,  231.98, 2323.77,  229.84, 2328.97,  234.29, 2322.91,  229.64, 9299.03,  925.75,    109820,10224.78,   9370.69,    946.58,  10317.27
2023-02-07,18:15:40.322,   17.50,    5.63,   14.44,    2.35,   18.06,    5.97,   14.16,    2.31,   64.17,   16.26,    105410,   80.43, 2055.83,  170.33, 2049.29,  166.20, 2055.46,  171.87, 2055.61,  168.81, 8216.18,  677.21,    109850, 8893.39,   8280.35,    693.47,   8973.82
2023-02-07,18:15:40.433,   42.23,   10.47,   38.88,    7.09,   42.74,   10.73,   38.87,    7.01,  162.72,   35.31,    104999,  198.03, 1962.00,  136.82, 1964.37,  134.96, 1961.44,  136.27, 1960.52,  134.43, 7848.34,  542.48,    113688, 8390.83,   8011.06,    577.79,   8588.86
2023-02-07,18:15:40.526,   15.02,    6.51,   11.94,    3.15,   15.64,    6.77,   11.32,    3.10,   53.93,   19.53,    104990,   73.46, 1697.35,   98.98, 1682.83,   91.55, 1692.86,   97.46, 1690.64,   94.98, 6763.69,  382.97,    105340, 7146.66,   6817.62,    402.50,   7220.12
2023-02-07,18:15:40.633,   22.39,   10.02,   19.24,    6.74,   23.03,   10.37,   18.80,    6.66,   83.46,   33.80,    104780,  117.26, 2012.18,  148.72, 2020.16,  147.69, 2027.24,  154.36, 2010.60,  145.47, 8070.18,  596.23,    114240, 8666.41,   8153.64,    630.03,   8783.67
2023-02-07,18:15:40.730,   26.84,   11.99,   23.79,    8.71,   27.08,   12.22,   23.25,    8.60,  100.96,   41.52,    104864,  142.48, 1939.63,  152.70, 1943.98,  152.05, 1942.08,  153.87, 1939.40,  149.76, 7765.09,  608.38,    104701, 8373.48,   7866.05,    649.90,   8515.96
2023-02-07,18:15:40.829,   20.89,    6.45,   18.20,    3.25,   21.51,    6.79,   17.76,    3.14,   78.36,   19.63,    104400,   97.99, 1860.88,  130.23, 1851.79,  124.70, 1853.86,  128.36, 1850.14,  124.20, 7416.67,  507.49,    108850, 7924.17,   7495.03,    527.12,   8022.15
2023-02-07,18:15:40.930,   41.09,   10.33,   37.80,    7.02,   41.43,   10.61,   37.38,    6.89,  157.70,   34.85,    105500,  192.55, 1928.23,  146.05, 1922.73,  141.02, 1927.71,  146.61, 1927.05,  142.26, 7705.72,  575.94,    109860, 8281.66,   7863.42,    610.79,   8474.21
2023-02-07,18:15:41.029,    8.97,    4.79,    5.68,    1.47,    9.42,    5.07,    5.36,    1.36,   29.43,   12.69,    104410,   42.12, 2130.75,  195.39, 2126.07,  190.76, 2133.25,  196.38, 2130.55,  191.94, 8520.62,  774.47,    109980, 9295.09,   8550.05,    787.16,   9337.21
2023-02-07,18:15:41.130,   17.21,    6.09,   14.06,    2.74,   17.65,    6.47,   13.64,    2.62,   62.56,   17.93,    105430,   80.49, 2258.00,  230.40, 2261.21,  227.56, 2257.38,  230.27, 2253.90,  224.88, 9030.50,  913.11,    110540, 9943.61,   9093.06,    931.03,  10024.09
2023-02-07,18:15:41.229,   13.34,    5.87,   10.08,    2.58,   13.81,    6.21,    9.80,    2.54,   47.04,   17.20,    104380,   64.24, 2195.07,  216.68, 2196.77,  215.57, 2205.28,  220.16, 2187.28,  213.11, 8784.40,  865.53,    109420, 9649.92,   8831.43,    882.73,   9714.16
2023-02-07,18:15:41.330,   10.12,    4.93,    6.76,    1.62,   10.61,    5.26,    6.60,    1.55,   34.10,   13.35,    104376,   47.45, 2189.98,  226.38, 2190.78,  223.93, 2193.39,  227.74, 2197.38,  225.65, 8771.53,  903.70,    109296, 9675.23,   8805.63,    917.06,   9722.68
2023-02-07,18:15:41.434,   32.47,    9.62,   29.20,    6.35,   32.95,   10.00,   28.97,    6.26,  123.60,   32.22,    105630,  155.83, 1936.30,  139.54, 1944.62,  140.05, 1938.55,  140.70, 1935.84,  137.50, 7755.31,  557.78,    109242, 8313.09,   7878.91,    590.00,   8468.91
2023-02-07,18:15:41.533,   25.15,    9.16,   21.83,    5.80,   25.45,    9.49,   21.40,    5.70,   93.84,   30.16,    104400,  123.99, 2071.95,  174.46, 2064.63,  170.97, 2059.15,  170.51, 2065.56,  171.31, 8261.28,  687.24,    109000, 8948.53,   8355.12,    717.40,   9072.52
2023-02-07,18:15:41.634,   11.64,    5.03,    8.38,    1.69,   12.12,    5.44,    8.07,    1.59,   40.21,   13.75,    105440,   53.96, 2111.92,  177.23, 2105.05,  171.72, 2112.50,  177.72, 2107.42,  173.36, 8436.89,  700.03,    109940, 9136.92,   8477.10,    713.78,   9190.88
2023-02-07,18:15:41.733,   17.66,    7.07,   14.64,    3.81,   18.18,    7.36,   14.13,    3.64,   64.62,   21.88,    104390,   86.49, 1848.12,  118.88, 1837.91,  113.11, 1847.77,  118.38, 1840.80,  113.77, 7374.60,  464.14,    108480, 7838.74,   7439.21,    486.02,   7925.23
2023-02-07,18:15:41.834,    9.77,    4.91,    6.54,    1.58,   10.42,    5.25,    6.29,    1.53,   33.03,   13.28,    105440,   46.30, 1751.81,   96.84, 1749.27,   93.76, 1752.44,   97.37, 1742.96,   91.52, 6996.48,  379.49,    109280, 7375.97,   7029.51,    392.76,   7422.27
2023-02-07,18:15:41.933,   26.16,   12.07,   22.97,    8.84,   26.79,   12.42,   22.65,    8.77,   98.57,   42.11,    104360,  140.67, 2013.25,  156.03, 2014.46,  153.50, 2013.60,  156.84, 2017.04,  155.56, 8058.36,  621.93,    109880, 8680.29,   8156.92,    664.04,   8820.96
2023-02-07,18:15:42.034,   13.15,    5.27,   10.11,    2.02,   13.79,    5.67,    9.70,    1.94,   46.75,   14.90,    104396,   61.64, 2045.09,  175.26, 2039.71,  171.16, 2043.27,  175.39, 2045.08,  173.70, 8173.15,  695.52,    108751, 8868.67,   8219.90,    710.42,   8930.31
2023-02-07,18:15:42.134,   22.61,    5.77,   19.53,    2.55,   23.15,    6.18,   19.08,    2.39,   84.38,   16.89,    105420,  101.27, 2170.10,  204.26, 2175.14,  202.05, 2163.67,  201.41, 2170.26,  200.83, 8679.17,  808.55,    110380, 9487.71,   8763.54,    825.44,   9588.98
2023-02-07,18:15:42.234,   18.34,    7.50,   15.23,    4.21,   18.81,    7.89,   14.64,    4.05,   67.03,   23.65,    104410,   90.67, 2404.59,  268.94, 2402.93,  265.90, 2408.30,  271.11, 2407.51,  266.89, 9623.33, 1072.85,    110160,10696.18,   9690.36,   1096.50,  10786.85
2023-02-07,18:15:42.334,   16.48,    5.73,   13.19,    2.40,   17.03,    6.20,   12.77,    2.31,   59.46,   16.64,    105420,   76.10, 2493.46,  288.24, 2478.97,  280.99, 2495.13,  289.88, 2482.23,  283.13, 9949.78, 1142.24,    111810,11092.03,  10009.25,   1158.88,  11168.12
2023-02-07,18:15:42.445,   42.85,   14.13,   39.61,   10.92,   43.37,   14.51,   39.41,   10.79,  165.23,   50.36,    104989,  215.59, 2303.60,  230.70, 2310.31,  230.22, 2302.13,  230.12, 2298.79,  225.87, 9214.84,  916.92,    113873,10131.76,   9380.08,    967.28,  10347.35
2023-02-07,18:15:42.538,   43.03,    9.92,   39.97,    6.61,   43.65,   10.17,   39.34,    6.42,  165.99,   33.12,    104950,  199.11, 2232.63,  227.35, 2240.92,  229.14, 2237.11,  229.84, 2239.75,  227.52, 8950.41,  913.85,    106270, 9864.26,   9116.40,    946.97,  10063.38
2023-02-07,18:15:42.637,   22.48,   10.01,   19.18,    6.66,   22.89,   10.19,   18.86,    6.50,   83.41,   33.36,    104400,  116.77, 2322.14,  239.77, 2312.69,  235.82, 2318.39,  239.63, 2320.32,  237.53, 9273.53,  952.75,    109470,10226.27,   9356.94,    986.10,  10343.04
2023-02-07,18:15:42.738,   18.06,    6.30,   14.84,    2.97,   18.36,    6.61,   14.29,    2.86,   65.54,   18.74,    105460,   84.28, 2122.23,  198.68, 2115.13,  193.61, 2120.73,  198.43, 2113.84,  192.94, 8471.93,  783.65,    110760, 9255.58,   8537.47,    802.39,   9339.86
2023-02-07,18:15:42.837,   12.24,    5.09,    9.07,    1.80,   12.68,    5.50,    8.73,    1.77,   42.73,   14.17,    104360,   56.89, 1816.61,  119.66, 1811.85,  115.67, 1816.25,  119.50, 1813.87,  116.17, 7258.58,  470.99,    109130, 7729.57,   7301.30,    485.16,   7786.46
2023-02-07,18:15:42.938,   21.13,    6.04,   18.41,    2.84,   21.72,    6.44,   17.88,    2.71,   79.13,   18.03,    104405,   97.16, 1876.79,  130.15, 1865.34,  122.85, 1870.11,  127.83, 1870.04,  126.09, 7482.28,  506.92,    108653, 7989.20,   7561.42,    524.95,   8086.36
2023-02-07,18:15:43.038,    9.62,    5.31,    6.54,    2.01,   10.36,    5.71,    6.23,    1.92,   32.75,   14.94,    105410,   47.70, 1713.98,   97.88, 1701.16,   90.15, 1709.22,   95.97, 1700.12,   90.43, 6824.48,  374.42,    109240, 7198.90,   6857.23,    389.37,   7246.60
2023-02-07,18:15:43.138,   15.13,    5.14,   12.09,    1.88,   15.65,    5.43,   11.64,    1.71,   54.50,   14.15,    104400,   68.65, 2115.94,  202.69, 2119.12,  199.88, 2120.15,  204.18, 2112.11,  197.86, 8467.33,  804.61,    109320, 9271.94,   8521.83,    818.76,   9340.59
2023-02-07,18:15:43.238,   12.57,    5.59,    9.26,    2.25,   13.15,    5.97,    8.97,    2.19,   43.95,   16.01,    105420,   59.95, 2653.78,  354.49, 2655.42,  352.98, 2658.48,  356.95, 2654.38,  352.61,10622.06, 1417.03,    112560,12039.09,  10666.00,   1433.04,  12099.04
2023-02-07,18:15:43.338,   13.88,    5.36,   10.21,    1.94,   13.93,    5.58,   10.61,    1.94,   48.62,   14.82,    104380,   63.44, 2053.84,  174.93, 2045.62,  170.21, 2044.86,  172.16, 2048.26,  170.93, 8192.58,  688.22,    108880, 8880.80,   8241.20,    703.04,   8944.25
2023-02-07,18:15:43.445,   32.55,    7.77,   29.41,    4.41,   33.01,    8.13,   29.06,    4.34,  124.03,   24.66,    105456,  148.68, 1810.55,  109.30, 1808.81,  106.07, 1805.48,  107.88, 1806.36,  105.16, 7231.20,  428.42,    112484, 7659.62,   7355.23,    453.08,   7808.31
2023-02-07,18:15:43.542,   17.87,    9.44,   14.69,    6.21,   18.43,    9.86,   14.16,    6.06,   65.16,   31.56,    104950,   96.72, 1896.59,  151.43, 1893.80,  147.91, 1894.24,  150.91, 1898.47,  150.50, 7583.11,  600.76,    105450, 8183.86,   7648.27,    632.32,   8280.58
2023-02-07,18:15:43.641,   35.62,   13.83,   32.21,   10.35,   36.00,   14.22,   31.39,   10.42,  135.22,   48.83,    104380,  184.04, 2245.29,  243.99, 2229.40,  233.52, 2246.12,  242.73, 2237.36,  238.41, 8958.17,  958.65,    109890, 9916.83,   9093.39,   1007.48,  10100.87
2023-02-07,18:15:43.742,   22.50,   11.69,   19.37,    8.51,   22.81,   12.02,   18.85,    8.33,   83.53,   40.54,    104454,  124.06, 2464.58,  312.66, 2459.37,  306.95, 2463.99,  311.65, 2452.78,  305.53, 9840.71, 1236.79,    111742,11077.51,   9924.24,   1277.33,  11201.57
2023-02-07,18:15:43.841,    9.33,    4.89,    6.14,    1.56,    9.95,    5.26,    5.80,    1.46,   31.22,   13.17,    105434,   44.38, 2223.67,  232.25, 2219.87,  229.30, 2222.46,  231.49, 2220.01,  228.63, 8886.00,  921.68,    110110, 9807.68,   8917.22,    934.85,   9852.07
2023-02-07,18:15:43.942,   17.17,    6.12,   13.86,    2.79,   17.59,    6.47,   13.59,    2.78,   62.21,   18.16,    104386,   80.37, 2026.60,  184.91, 2010.82,  176.53, 2022.36,  183.11, 2020.80,  180.29, 8080.58,  724.84,    109147, 8805.42,   8142.79,    743.00,   8885.79
2023-02-07,18:15:44.042,   14.76,    6.62,   11.51,    3.34,   15.33,    7.03,   11.17,    3.17,   52.77,   20.17,    105440,   72.93, 1711.17,   96.21, 1700.36,   90.45, 1710.68,   96.37, 1700.01,   90.67, 6822.21,  373.70,    108680, 7195.92,   6874.98,    393.87,   7268.85
2023-02-07,18:15:44.142,   19.33,    6.02,   15.95,    2.78,   19.47,    6.33,   15.65,    2.64,   70.41,   17.78,    104380,   88.18, 1616.06,   85.09, 1604.21,   78.43, 1615.42,   84.85, 1606.22,   79.33, 6441.91,  327.70,    108060, 6769.62,   6512.32,    345.48,   6857.80
2023-02-07,18:15:44.242,   20.84,    6.66,   17.66,    3.33,   21.33,    7.02,   17.16,    3.17,   76.99,   20.18,    105430,   97.17, 2029.30,  181.05, 2024.50,  176.97, 2032.40,  181.98, 2024.74,  176.87, 8110.95,  716.87,    110730, 8827.81,   8187.94,    737.05,   8924.98
2023-02-07,18:15:44.342,   20.32,    6.77,   16.68,    3.34,   20.58,    7.08,   16.60,    3.34,   74.18,   20.53,    104380,   94.71, 1958.64,  157.83, 1966.37,  159.04, 1966.41,  161.66, 1965.49,  158.32, 7856.91,  636.86,    109270, 8493.77,   7931.09,    657.39,   8588.48
2023-02-07,18:15:44.453,   27.15,   12.53,   23.86,    9.24,   27.70,   12.77,   23.59,    9.09,  102.29,   43.63,    105426,  145.93, 1860.97,  120.34, 1854.34,  115.48, 1858.18,  119.84, 1852.74,  114.97, 7426.22,  470.64,    113592, 7896.86,   7528.52,    514.27,   8042.79
2023-02-07,18:15:44.546,   48.02,   25.32,   44.79,   22.04,   48.31,   25.62,   44.13,   21.83,  185.25,   94.81,    104930,  280.07, 1882.14,  142.96, 1886.83,  141.73, 1889.45,  145.87, 1883.80,  141.55, 7542.22,  572.12,    104990, 8114.34,   7727.48,    666.94,   8394.41
2023-02-07,18:15:44.645,    9.23,    4.57,    5.98,    1.23,    9.63,    4.94,    5.70,    1.19,   30.55,   11.93,    104380,   42.47, 1893.66,  140.23, 1898.47,  139.81, 1903.93,  143.41, 1896.50,  138.49, 7592.56,  561.95,    108790, 8154.51,   7623.10,    573.88,   8196.98
2023-02-07,18:15:44.746,   17.74,    5.94,   14.66,    2.68,   18.15,    6.32,   14.14,    2.54,   64.68,   17.48,    105420,   82.16, 2073.49,  172.98, 2058.39,  164.58, 2055.66,  167.33, 2065.25,  167.74, 8252.79,  672.64,    109740, 8925.43,   8317.48,    690.12,   9007.60
2023-02-07,18:15:44.845,   13.37,    5.06,   10.29,    1.79,   13.93,    5.33,    9.85,    1.66,   47.44,   13.85,    104370,   61.29, 2128.59,  193.40, 2125.13,  188.54, 2132.46,  194.84, 2127.43,  189.59, 8513.62,  766.38,    109940, 9280.00,   8561.06,    780.23,   9341.29
2023-02-07,18:15:44.946,   13.49,    5.08,   10.39,    1.81,   14.05,    5.43,    9.88,    1.66,   47.82,   13.98,    104415,   61.81, 2247.72,  231.79, 2243.63,  229.03, 2259.11,  237.04, 2243.11,  228.05, 8993.58,  925.92,    110039, 9919.50,   9041.41,    939.90,   9981.31
2023-02-07,18:15:45.046,   12.24,    4.89,    8.97,    1.54,   12.74,    5.17,    8.53,    1.41,   42.46,   13.00,    105420,   55.46, 2146.17,  202.03, 2143.47,  199.16, 2143.09,  201.13, 2146.78,  199.63, 8579.51,  801.95,    110960, 9381.46,   8621.98,    814.95,   9436.93
2023-02-07,18:15:45.147,   21.80,    6.45,   18.64,    3.21,   22.21,    6.79,   18.17,    3.04,   80.82,   19.49,    104376,  100.31, 1949.52,  147.37, 1936.50,  140.95, 1944.11,  145.69, 1935.92,  141.27, 7766.05,  575.28,    108623, 8341.33,   7846.87,    594.77,   8441.64
2023-02-07,18:15:45.247,   10.40,    5.29,    7.11,    1.99,   10.92,    5.59,    6.87,    1.92,   35.30,   14.79,    105430,   50.09, 2505.54,  282.99, 2508.56,  282.46, 2521.27,  289.50, 2513.75,  283.03,10049.11, 1137.97,    111670,11187.08,  10084.40,   1152.76,  11237.17
2023-02-07,18:15:45.347,   11.58,    4.78,    8.32,    1.45,   12.09,    5.11,    8.08,    1.40,   40.07,   12.74,    104370,   52.81, 2516.32,  300.33, 2526.43,  301.82, 2515.61,  299.90, 2526.13,  301.80,10084.50, 1203.85,    110830,11288.35,  10124.56,   1216.59,  11341.15
2023-02-07,18:15:45.447,   20.36,    5.96,   17.30,    2.70,   20.94,    6.22,   16.88,    2.59,   75.48,   17.48,    105450,   92.96, 1916.59,  139.86, 1905.06,  133.25, 1908.95,  136.90, 1910.36,  135.49, 7640.96,  545.50,    109630, 8186.45,   7716.44,    562.97,   8279.41
2023-02-07,18:15:45.557,   58.01,   20.08,   54.79,   16.79,   58.25,   20.18,   54.43,   16.60,  225.49,   73.65,    105048,  299.14, 2305.20,  219.53, 2306.49,  216.72, 2305.83,  219.55, 2309.59,  217.85, 9227.10,  873.65,    114401,10100.75,   9452.59,    947.31,  10399.89
2023-02-07,18:15:45.650,   27.78,   12.48,   24.62,    9.32,   28.17,   12.69,   24.13,    9.11,  104.71,   43.60,    104980,  148.31, 2262.58,  242.58, 2254.07,  236.60, 2254.25,  238.80, 2253.59,  236.71, 9024.49,  954.70,    106970, 9979.18,   9129.19,    998.30,  10127.49
2023-02-07,18:15:45.749,   18.58,    7.54,   15.26,    4.20,   18.79,    7.64,   15.01,    4.09,   67.63,   23.47,    104380,   91.10, 2044.47,  172.98, 2034.71,  167.39, 2036.96,  170.24, 2037.34,  168.10, 8153.48,  678.71,    108900, 8832.19,   8221.11,    702.18,   8923.29
2023-02-07,18:15:45.850,   14.40,    7.41,   11.06,    4.08,   14.92,    7.65,   10.81,    4.00,   51.19,   23.14,    105440,   74.33, 1972.24,  154.13, 1970.61,  152.07, 1977.16,  156.93, 1969.16,  151.58, 7889.16,  614.70,    110410, 8503.86,   7940.35,    637.83,   8578.18
2023-02-07,18:15:45.949,   13.98,    5.54,   10.77,    2.22,   14.42,    5.87,   10.47,    2.12,   49.63,   15.75,    104360,   65.38, 1935.58,  139.85, 1935.68,  138.42, 1939.52,  141.42, 1935.67,  137.99, 7746.44,  557.67,    109240, 8304.12,   7796.07,    573.43,   8369.50
2023-02-07,18:15:46.050,   15.89,    6.35,   12.77,    3.05,   16.39,    6.67,   12.37,    2.96,   57.42,   19.03,    104405,   76.45, 1867.58,  130.85, 1867.97,  128.71, 1862.02,  129.16, 1866.32,  128.22, 7463.90,  516.95,    108336, 7980.84,   7521.32,    535.97,   8057.29
2023-02-07,18:15:46.150,   23.25,    6.09,   20.00,    2.79,   23.69,    6.47,   19.50,    2.64,   86.43,   17.99,    105410,  104.42, 1945.61,  134.87, 1933.95,  128.01, 1938.80,  132.51, 1935.07,  128.43, 7753.43,  523.81,    109690, 8277.25,   7839.86,    541.81,   8381.66
2023-02-07,18:15:46.250,   13.32,    6.23,   10.15,    2.96,   13.83,    6.58,    9.92,    2.84,   47.21,   18.61,    104390,   65.82, 2105.63,  189.18, 2110.35,  188.36, 2110.02,  190.69, 2111.30,  189.40, 8437.30,  757.63,    109840, 9194.92,   8484.51,    776.23,   9260.75
2023-02-07,18:15:46.350,   12.02,    4.93,    8.87,    1.56,   12.47,    5.23,    8.59,    1.55,   41.95,   13.28,    105420,   55.22, 2247.50,  227.13, 2236.11,  219.15, 2231.62,  220.21, 2247.49,  223.79, 8962.72,  890.27,    111610, 9852.99,   9004.66,    903.55,   9908.21
2023-02-07,18:15:46.450,   18.86,    6.96,   15.68,    3.63,   19.19,    7.26,   15.39,    3.61,   69.12,   21.45,    104400,   90.57, 2066.17,  184.65, 2059.05,  180.34, 2063.55,  184.27, 2051.60,  177.77, 8240.37,  727.03,    109490, 8967.40,   8309.49,    748.48,   9057.97
2023-02-07,18:15:46.561,   33.04,   10.30,   29.94,    7.09,   33.52,   10.59,   29.55,    6.87,  126.05,   34.86,    105484,  160.91, 1870.09,  111.94, 1867.27,  108.82, 1872.98,  113.15, 1875.15,  111.60, 7485.50,  445.51,    113096, 7931.01,   7611.54,    480.37,   8091.92
2023-02-07,18:15:46.654,    8.17,    4.67,    5.14,    1.40,    8.88,    5.00,    4.95,    1.30,   27.14,   12.36,    104940,   39.51, 2297.05,  250.59, 2289.52,  246.07, 2293.71,  249.84, 2291.75,  246.26, 9172.04,  992.75,    106920,10164.79,   9199.18,   1005.11,  10204.30
2023-02-07,18:15:46.753,   15.11,    5.70,   11.98,    2.42,   15.50,    6.04,   11.62,    2.31,   54.21,   16.48,    104400,   70.70, 2175.36,  213.99, 2167.71,  207.75, 2171.87,  212.16, 2165.57,  206.51, 8680.51,  840.41,    109030, 9520.92,   8734.72,    856.90,   9591.62
2023-02-07,18:15:46.854,   12.35,    5.44,    9.29,    2.13,   12.91,    5.77,    8.95,    2.02,   43.50,   15.37,    105440,   58.87, 1899.99,  128.04, 1894.98,  124.46, 1898.32,  128.93, 1896.39,  125.14, 7589.68,  506.57,    109160, 8096.25,   7633.18,    521.94,   8155.12
2023-02-07,18:15:46.953,   14.47,    5.42,   11.22,    2.15,   14.95,    5.79,   11.10,    2.10,   51.73,   15.47,    104400,   67.20, 1886.04,  135.06, 1882.03,  131.31, 1891.96,  137.22, 1886.59,  133.87, 7546.62,  537.46,    109040, 8084.08,   7598.35,    552.93,   8151.28
2023-02-07,18:15:47.053,   14.87,    5.35,   11.84,    2.07,   15.51,    5.71,   11.38,    1.94,   53.60,   15.06,    104440,   68.66, 2101.40,  191.82, 2105.57,  190.74, 2096.48,  190.43, 2107.50,  192.17, 8410.95,  765.16,    108940, 9176.11,   8464.55,    780.22,   9244.77
2023-02-07,18:15:47.153,   16.76,    5.53,   13.64,    2.25,   17.29,    5.84,   13.24,    2.09,   60.94,   15.70,    105460,   76.64, 2128.75,  192.69, 2127.76,  190.70, 2130.87,  194.50, 2126.07,  189.55, 8513.46,  767.43,    110610, 9280.89,   8574.39,    783.14,   9357.53
2023-02-07,18:15:47.253,   13.38,    5.66,    9.94,    2.30,   13.65,    5.90,    9.65,    2.23,   46.61,   16.09,    104400,   62.70, 2525.32,  307.14, 2522.17,  304.21, 2530.99,  310.24, 2529.34,  306.90,10107.81, 1228.49,    110250,11336.30,  10154.42,   1244.58,  11399.00
2023-02-07,18:15:47.354,   15.20,    5.94,   11.79,    2.61,   15.68,    6.36,   11.48,    2.47,   54.15,   17.38,    105430,   71.53, 2212.78,  214.57, 2214.40,  212.73, 2212.67,  214.80, 2217.38,  213.18, 8857.23,  855.29,    110320, 9712.52,   8911.38,    872.67,   9784.05
2023-02-07,18:15:47.453,   26.20,   10.66,   23.15,    7.41,   26.79,   11.01,   22.71,    7.34,   98.85,   36.42,    104400,  135.27, 2058.89,  179.16, 2066.91,  179.99, 2062.26,  180.72, 2058.81,  176.54, 8246.87,  716.41,    109590, 8963.28,   8345.72,    752.83,   9098.55
2023-02-07,18:15:47.565,   42.69,   13.13,   39.33,    9.71,   42.77,   13.45,   38.77,    9.62,  163.56,   45.92,    105345,  209.48, 2274.25,  216.02, 2267.03,  211.11, 2272.64,  217.14, 2279.57,  215.42, 9093.50,  859.70,    114980, 9953.20,   9257.06,    905.62,  10162.68
2023-02-07,18:15:47.658,   16.45,    6.67,   13.23,    3.38,   16.83,    6.93,   12.66,    3.15,   59.16,   20.13,    104950,   79.30, 2293.02,  265.00, 2294.67,  262.30, 2295.79,  265.58, 2290.81,  261.36, 9174.29, 1054.24,    107540,10228.53,   9233.46,   1074.37,  10307.82
2023-02-07,18:15:47.757,   17.82,    6.92,   14.88,    3.72,   18.07,    7.26,   14.21,    3.48,   64.98,   21.38,    104420,   86.36, 2172.14,  219.13, 2163.77,  214.51, 2172.30,  220.02, 2162.06,  213.40, 8670.27,  867.06,    109370, 9537.33,   8735.25,    888.44,   9623.69
2023-02-07,18:15:47.858,   15.98,    6.97,   12.74,    3.58,   16.53,    7.34,   12.60,    3.55,   57.84,   21.44,    105450,   79.29, 2179.98,  212.34, 2173.69,  207.14, 2181.07,  212.15, 2176.34,  208.97, 8711.08,  840.60,    110130, 9551.68,   8768.92,    862.04,   9630.96
2023-02-07,18:15:47.957,   14.96,    5.94,   11.62,    2.66,   15.27,    6.22,   11.33,    2.55,   53.18,   17.37,    104390,   70.55, 2125.05,  204.15, 2120.35,  200.07, 2122.73,  203.60, 2118.28,  198.70, 8486.41,  806.52,    108840, 9292.94,   8539.59,    823.89,   9363.48
2023-02-07,18:15:48.058,   17.96,    6.48,   14.84,    3.19,   18.63,    6.88,   14.62,    3.15,   66.04,   19.71,    104396,   85.75, 1853.99,  114.61, 1832.32,  103.88, 1840.57,  110.19, 1835.92,  105.95, 7362.80,  434.62,    108336, 7797.42,   7428.84,    454.33,   7883.17
2023-02-07,18:15:48.158,   34.78,    6.15,   31.63,    2.82,   35.47,    6.52,   31.39,    2.79,  133.26,   18.29,    105470,  151.55, 2004.15,  152.05, 2012.77,  152.86, 2017.06,  156.99, 2011.47,  152.86, 8045.45,  614.75,    109890, 8660.20,   8178.71,    633.04,   8811.75
2023-02-07,18:15:48.258,   32.70,   12.72,   29.55,    9.35,   33.33,   12.94,   29.28,    9.25,  124.86,   44.27,    104430,  169.13, 2593.49,  319.09, 2585.50,  312.78, 2594.46,  319.13, 2589.46,  314.06,10362.90, 1265.06,    111360,11627.96,  10487.76,   1309.33,  11797.09
2023-02-07,18:15:48.359,   15.40,    5.64,   12.22,    2.32,   15.91,    6.00,   11.98,    2.21,   55.51,   16.16,    105440,   71.67, 2882.15,  413.20, 2883.46,  411.69, 2881.82,  413.41, 2877.23,  408.67,11524.66, 1646.98,    112760,13171.64,  11580.17,   1663.14,  13243.31
2023-02-07,18:15:48.458,   16.42,    5.37,   13.27,    2.08,   16.99,    5.67,   13.10,    1.98,   59.78,   15.09,    104400,   74.88, 2465.15,  307.22, 2460.36,  301.89, 2465.74,  307.55, 2465.60,  304.60, 9856.85, 1221.26,    110810,11078.11,   9916.63,   1236.35,  11152.98
2023-02-07,18:15:48.565,   23.46,    7.00,   20.23,    3.70,   24.12,    7.32,   20.12,    3.57,   87.92,   21.60,    105300,  109.52, 2435.34,  262.23, 2423.79,  256.21, 2425.86,  259.42, 2432.23,  258.91, 9717.22, 1036.77,    115611,10753.98,   9805.14,   1058.37,  10863.51
2023-02-07,18:15:48.661,   16.90,    7.66,   13.75,    4.31,   17.45,    7.98,   13.38,    4.23,   61.48,   24.19,    104420,   85.67, 2103.63,  211.77, 2105.37,  210.08, 2100.23,  210.13, 2098.98,  208.26, 8408.22,  840.24,    105640, 9248.46,   8469.70,    864.43,   9334.13
2023-02-07,18:15:48.762,   16.44,    5.98,   13.31,    2.71,   16.81,    6.32,   12.75,    2.60,   59.31,   17.61,    105450,   76.92, 1998.97,  150.83, 1993.90,  145.72, 1995.42,  149.41, 1997.47,  147.71, 7985.76,  593.68,    109860, 8579.43,   8045.07,    611.29,   8656.36
2023-02-07,18:15:48.861,   13.94,    5.08,   10.84,    1.88,   14.36,    5.43,   10.37,    1.74,   49.51,   14.13,    104410,   63.64, 1846.62,  124.06, 1831.41,  116.04, 1843.47,  123.87, 1842.65,  120.80, 7364.15,  484.78,    109110, 7848.93,   7413.66,    498.90,   7912.57
2023-02-07,18:15:48.962,   15.51,    5.52,   12.39,    2.27,   16.00,    5.86,   11.94,    2.17,   55.84,   15.82,    104386,   71.66, 2200.51,  209.65, 2208.30,  209.36, 2202.27,  209.64, 2205.86,  208.67, 8816.94,  837.31,    110534, 9654.26,   8872.78,    853.14,   9725.92
2023-02-07,18:15:49.062,   43.98,    8.46,   40.94,    5.10,   44.60,    8.83,   40.40,    4.94,  169.91,   27.33,    105520,  197.25, 1981.61,  158.90, 1975.23,  154.59, 1974.74,  156.40, 1974.54,  154.14, 7906.12,  624.02,    110370, 8530.15,   8076.03,    651.36,   8727.39
2023-02-07,18:15:49.162,   18.53,    5.53,   15.48,    2.25,   19.12,    5.89,   14.94,    2.12,   68.07,   15.78,    104400,   83.85, 2196.15,  216.11, 2184.55,  209.63, 2194.31,  215.24, 2191.22,  212.02, 8766.23,  853.00,    109530, 9619.23,   8834.30,    868.79,   9703.09
2023-02-07,18:15:49.262,   10.39,    5.27,    7.05,    1.86,   10.78,    5.54,    6.75,    1.75,   34.97,   14.42,    105430,   49.39, 2382.89,  257.57, 2392.26,  258.06, 2384.81,  257.99, 2392.74,  258.08, 9552.70, 1031.70,    112070,10584.39,   9587.67,   1046.11,  10633.78
2023-02-07,18:15:49.362,   13.39,    5.36,   10.27,    2.06,   13.86,    5.65,    9.84,    1.94,   47.36,   15.01,    104400,   62.37, 2273.55,  244.10, 2276.10,  243.22, 2271.82,  243.42, 2270.65,  240.78, 9092.12,  971.52,    110430,10063.65,   9139.49,    986.53,  10126.02
2023-02-07,18:15:49.473,   50.11,   20.31,   47.78,   17.24,   50.79,   20.66,   46.63,   16.92,  195.31,   75.12,    105552,  270.43, 2453.43,  264.31, 2446.26,  260.58, 2453.86,  265.98, 2452.01,  261.58, 9805.56, 1052.45,    115261,10858.01,  10000.87,   1127.57,  11128.44
2023-02-07,18:15:49.577,   36.20,   20.20,   32.97,   17.07,   36.49,   20.48,   32.48,   16.75,  138.15,   74.50,    104778,  212.65, 2515.72,  291.06, 2524.50,  291.38, 2530.77,  295.27, 2522.59,  291.00,10093.58, 1168.70,    111076,11262.28,  10231.73,   1243.20,  11474.93
2023-02-07,18:15:49.670,   30.53,    9.68,   27.23,    6.36,   30.88,   10.06,   26.97,    6.27,  115.61,   32.37,    104950,  147.97, 2517.75,  316.85, 2500.29,  307.45, 2507.16,  313.48, 2497.86,  305.61,10023.07, 1243.39,    107800,11266.46,  10138.67,   1275.76,  11414.43
2023-02-07,18:15:49.769,   13.35,    5.73,   10.08,    2.38,   13.77,    6.07,    9.84,    2.30,   47.04,   16.48,    104400,   63.51, 2269.61,  237.05, 2271.35,  235.76, 2271.29,  237.39, 2269.10,  234.58, 9081.35,  944.78,    109080,10026.13,   9128.39,    961.25,  10089.64
2023-02-07,18:15:49.870,   13.37,    5.92,   10.20,    2.61,   13.88,    6.21,    9.84,    2.52,   47.29,   17.26,    105450,   64.54, 2564.02,  311.77, 2568.44,  311.24, 2572.37,  315.55, 2572.91,  312.77,10277.74, 1251.34,    112690,11529.08,  10325.03,   1268.60,  11593.62
2023-02-07,18:15:49.969,   12.49,    5.06,    9.25,    1.75,   13.03,    5.37,    8.95,    1.63,   43.72,   13.81,    104400,   57.53, 2077.21,  186.01, 2088.12,  186.60, 2088.23,  189.37, 2075.50,  181.68, 8329.07,  743.67,    109080, 9072.73,   8372.79,    757.48,   9130.26
2023-02-07,18:15:50.069,   14.82,    5.78,   11.64,    2.46,   15.20,    6.03,   11.25,    2.37,   52.91,   16.64,    104390,   69.55, 2031.26,  170.32, 2026.94,  167.01, 2032.09,  171.11, 2020.77,  165.06, 8111.05,  673.50,    109270, 8784.55,   8163.96,    690.13,   8854.10
2023-02-07,18:15:50.169,   21.47,    6.40,   18.22,    3.08,   21.82,    6.75,   17.83,    2.96,   79.33,   19.19,    105460,   98.51, 2311.00,  241.76, 2296.94,  235.08, 2309.99,  242.57, 2310.62,  240.45, 9228.56,  959.86,    111290,10188.42,   9307.88,    979.05,  10286.93
2023-02-07,18:15:50.269,   12.84,    5.10,    9.56,    1.79,   13.17,    5.43,    9.25,    1.67,   44.81,   13.99,    104410,   58.80, 2324.50,  256.07, 2325.31,  253.42, 2326.50,  256.54, 2322.78,  253.12, 9299.08, 1019.16,    110230,10318.24,   9343.89,   1033.15,  10377.04
2023-02-07,18:15:50.370,   13.70,    5.07,   10.42,    1.73,   14.22,    5.44,   10.09,    1.67,   48.43,   13.92,    105440,   62.35, 2193.32,  214.65, 2191.75,  210.41, 2187.44,  211.35, 2186.76,  208.12, 8759.27,  844.53,    110470, 9603.80,   8807.70,    858.45,   9666.15
2023-02-07,18:15:50.469,   15.28,    5.35,   12.01,    2.01,   15.74,    5.63,   11.74,    1.95,   54.77,   14.94,    104420,   69.71, 1810.99,  113.67, 1806.52,  109.89, 1811.00,  114.25, 1812.81,  112.17, 7241.33,  449.98,    108260, 7691.31,   7296.10,    464.92,   7761.02
2023-02-07,18:15:50.581,   23.49,    9.46,   20.23,    6.15,   24.00,    9.73,   20.03,    6.09,   87.75,   31.43,    105307,  119.17, 2247.08,  211.55, 2243.85,  208.42, 2249.03,  212.47, 2243.89,  208.65, 8983.85,  841.09,    114527, 9824.94,   9071.60,    872.52,   9944.11
2023-02-07,18:15:50.681,   40.11,   16.48,   36.68,   13.09,   40.43,   16.68,   36.47,   13.13,  153.69,   59.38,    104902,  213.07, 2134.83,  199.74, 2123.83,  193.46, 2119.03,  193.66, 2127.04,  194.44, 8504.72,  781.30,    109711, 9286.02,   8658.42,    840.68,   9499.09
2023-02-07,18:15:50.777,   23.32,    6.72,   19.91,    3.37,   23.54,    6.89,   19.56,    3.22,   86.33,   20.20,    104250,  106.53, 1990.56,  177.42, 1988.22,  174.29, 1988.41,  176.77, 1992.01,  176.02, 7959.20,  704.50,    104860, 8663.69,   8045.53,    724.70,   8770.23
2023-02-07,18:15:50.878,   19.20,    6.65,   15.91,    3.30,   19.53,    6.90,   15.58,    3.13,   70.22,   19.98,    105450,   90.20, 2054.40,  172.76, 2048.45,  168.92, 2048.36,  171.71, 2053.46,  169.66, 8204.67,  683.05,    109680, 8887.72,   8274.89,    703.03,   8977.92
2023-02-07,18:15:50.977,   14.69,    5.06,   11.49,    1.74,   15.08,    5.36,   11.16,    1.69,   52.42,   13.84,    104400,   66.26, 1992.50,  160.21, 2005.80,  165.89, 2006.43,  168.34, 1976.85,  152.04, 7981.58,  646.48,    108870, 8628.07,   8034.00,    660.33,   8694.33
2023-02-07,18:15:51.078,   12.36,    4.94,    9.15,    1.62,   12.77,    5.28,    8.79,    1.51,   43.08,   13.35,    105430,   56.42, 2011.66,  161.89, 2001.06,  156.10, 1998.46,  158.75, 2003.87,  156.87, 8015.06,  633.61,    110540, 8648.67,   8058.14,    646.96,   8705.10
2023-02-07,18:15:51.177,   19.96,    6.43,   16.78,    3.13,   20.18,    6.69,   16.24,    3.00,   73.17,   19.25,    104390,   92.42, 1983.80,  153.09, 1973.91,  147.77, 1977.85,  152.12, 1981.08,  149.98, 7916.63,  602.95,    108440, 8519.59,   7989.81,    622.20,   8612.01
2023-02-07,18:15:51.278,    9.76,    4.71,    6.42,    1.36,   10.14,    5.05,    6.11,    1.28,   32.44,   12.39,    105460,   44.83, 1754.59,  101.20, 1745.97,   95.73, 1749.25,   99.15, 1741.88,   94.76, 6991.69,  390.85,    109040, 7382.54,   7024.13,    403.24,   7427.36
2023-02-07,18:15:51.377,   17.52,    5.58,   14.58,    2.37,   17.92,    5.85,   13.89,    2.17,   63.91,   15.97,    104370,   79.88, 2036.84,  165.99, 2036.84,  163.65, 2033.35,  166.58, 2031.72,  161.93, 8138.74,  658.14,    109350, 8796.89,   8202.65,    674.12,   8876.77
2023-02-07,18:15:51.478,   21.67,    7.48,   18.59,    4.18,   22.17,    7.76,   18.14,    4.11,   80.57,   23.53,    104405,  104.10, 1877.58,  130.19, 1871.84,  125.44, 1870.53,  128.24, 1882.45,  129.65, 7502.41,  513.52,    108147, 8015.93,   7582.98,    537.05,   8120.03
2023-02-07,18:15:51.578,   12.02,    5.41,    8.65,    2.07,   12.31,    5.69,    8.27,    1.94,   41.25,   15.11,    105440,   56.36, 2088.93,  174.78, 2089.04,  172.20, 2093.53,  176.35, 2085.99,  171.15, 8357.48,  694.48,    110430, 9051.96,   8398.73,    709.59,   9108.33
2023-02-07,18:15:51.685,   28.13,    7.88,   24.81,    4.57,   28.41,    8.19,   24.44,    4.45,  105.78,   25.09,    104494,  130.87, 2173.32,  189.35, 2176.44,  187.94, 2181.38,  192.78, 2168.45,  184.43, 8699.60,  754.50,    111959, 9454.09,   8805.38,    779.59,   9584.97
2023-02-07,18:15:51.779,   16.57,    7.79,   13.35,    4.55,   17.05,    8.11,   12.88,    4.31,   59.86,   24.75,    104940,   84.61, 2194.50,  214.85, 2188.27,  208.60, 2200.22,  216.99, 2183.74,  207.13, 8766.73,  847.57,    107000, 9614.30,   8826.59,    872.33,   9698.91
2023-02-07,18:15:51.880,   55.60,    9.45,   59.37,   10.22,   57.10,    9.85,   53.38,    6.42,  225.45,   35.94,    105520,  261.39, 2169.27,  198.05, 2171.51,  197.18, 2161.12,  195.63, 2176.14,  198.81, 8678.03,  789.67,    110510, 9467.71,   8903.48,    825.61,   9729.09
2023-02-07,18:15:51.979,   12.93,   11.01,    9.51,    7.66,   13.47,   11.42,    9.40,    7.63,   45.31,   37.72,    104400,   83.03, 2270.61,  238.33, 2282.53,  240.11, 2269.77,  237.69, 2271.95,  236.81, 9094.86,  952.94,    109630,10047.80,   9140.17,    990.66,  10130.83
2023-02-07,18:15:52.080,   21.00,    6.49,   17.76,    3.18,   21.49,    6.74,   17.37,    3.06,   77.61,   19.47,    104474,   97.09, 2198.13,  218.79, 2209.42,  218.80, 2206.59,  221.57, 2201.57,  217.25, 8815.71,  876.40,    109217, 9692.11,   8893.33,    895.87,   9789.20
2023-02-07,18:15:52.180,   25.06,    7.78,   21.94,    4.48,   25.43,    8.09,   21.39,    4.35,   93.82,   24.71,    105440,  118.53, 2127.41,  203.69, 2129.78,  201.67, 2131.88,  206.48, 2128.09,  201.58, 8517.17,  813.42,    110410, 9330.59,   8611.00,    838.13,   9449.12
2023-02-07,18:15:52.280,   12.96,    5.19,    9.61,    1.88,   13.21,    5.54,    9.21,    1.80,   44.98,   14.41,    104400,   59.39, 2374.68,  277.08, 2367.32,  272.74, 2370.36,  276.19, 2363.66,  270.44, 9476.02, 1096.44,    110710,10572.46,   9521.00,   1110.85,  10631.85
2023-02-07,18:15:52.380,   11.72,    4.79,    8.43,    1.47,   12.17,    5.18,    8.12,    1.42,   40.43,   12.86,    105440,   53.30, 2159.01,  209.73, 2149.63,  204.26, 2155.36,  209.40, 2147.19,  203.15, 8611.19,  826.54,    110020, 9437.73,   8651.63,    839.40,   9491.03
2023-02-07,18:15:52.480,   26.21,   10.61,   23.10,    7.36,   26.67,   10.89,   22.66,    7.27,   98.63,   36.14,    104400,  134.77, 1833.39,  120.20, 1843.61,  121.39, 1840.05,  122.72, 1836.98,  120.00, 7354.02,  484.30,    107590, 7838.33,   7452.66,    520.44,   7973.10
2023-02-07,18:15:52.581,   14.63,    5.89,   11.10,    2.50,   14.95,    6.15,   10.88,    2.41,   51.55,   16.95,    105460,   68.50, 2149.37,  196.08, 2148.37,  194.72, 2159.01,  199.74, 2148.68,  193.81, 8605.44,  784.35,    111270, 9389.79,   8656.99,    801.30,   9458.29
2023-02-07,18:15:52.680,   18.63,    5.87,   15.83,    2.61,   19.39,    6.25,   15.71,    2.65,   69.56,   17.37,    104420,   86.92, 2521.26,  304.07, 2518.32,  300.37, 2510.20,  299.39, 2516.12,  299.80,10065.91, 1203.64,    111120,11269.55,  10135.47,   1221.01,  11356.48
2023-02-07,18:15:52.781,   38.06,   11.17,   34.82,    7.79,   38.24,   11.41,   34.43,    7.70,  145.55,   38.07,    105470,  183.62, 2666.32,  346.02, 2668.58,  343.49, 2672.83,  347.57, 2669.37,  345.03,10677.11, 1382.12,    113230,12059.23,  10822.66,   1420.19,  12242.85
2023-02-07,18:15:52.880,    8.92,    4.72,    5.68,    1.34,    9.48,    5.09,    5.48,    1.36,   29.56,   12.51,    104410,   42.07, 1856.47,  127.98, 1860.96,  128.63, 1857.58,  129.23, 1862.24,  128.94, 7437.25,  514.77,    108240, 7952.02,   7466.81,    527.28,   7994.09
2023-02-07,18:15:52.980,   15.14,    5.70,   11.93,    2.37,   15.32,    5.95,   11.54,    2.30,   53.94,   16.33,    104380,   70.27, 1870.50,  126.05, 1848.37,  114.99, 1853.88,  120.28, 1855.93,  117.42, 7428.68,  478.74,    108350, 7907.42,   7482.62,    495.07,   7977.69
2023-02-07,18:15:53.080,    9.23,    4.79,    6.06,    1.44,    9.65,    5.12,    5.69,    1.35,   30.62,   12.69,    105450,   43.31, 2110.69,  178.98, 2108.50,  176.56, 2111.66,  180.12, 2109.40,  176.53, 8440.25,  712.19,    110320, 9152.44,   8470.87,    724.88,   9195.75
2023-02-07,18:15:53.180,   18.93,    5.87,   15.68,    2.57,   19.30,    6.16,   15.29,    2.44,   69.20,   17.04,    104400,   86.24, 2393.68,  276.75, 2396.91,  276.67, 2404.43,  281.39, 2397.43,  276.39, 9592.45, 1111.20,    110550,10703.65,   9661.65,   1128.24,  10789.89
2023-02-07,18:15:53.280,   10.04,    5.10,    6.69,    1.73,   10.51,    5.47,    6.48,    1.70,   33.72,   13.99,    105420,   47.71, 2085.00,  186.62, 2089.06,  184.82, 2080.32,  185.05, 2087.50,  184.85, 8341.88,  741.34,    110690, 9083.22,   8375.60,    755.33,   9130.93
2023-02-07,18:15:53.380,   13.46,    5.22,   10.32,    1.89,   13.83,    5.50,   10.04,    1.81,   47.65,   14.42,    104370,   62.07, 2004.34,  179.85, 1997.46,  174.81, 2002.13,  179.09, 1992.11,  172.74, 7996.05,  706.49,    109330, 8702.54,   8043.69,    720.91,   8764.61
2023-02-07,18:15:53.481,   53.11,   24.11,   54.84,   21.02,   55.18,   24.78,   47.31,   20.57,  210.43,   90.49,    105460,  300.92, 1879.97,  134.78, 1865.79,  126.11, 1876.02,  133.14, 1872.34,  128.94, 7494.12,  522.97,    108510, 8017.09,   7704.55,    613.46,   8318.01
2023-02-07,18:15:53.580,   11.25,    5.11,    8.00,    1.80,   11.61,    5.51,    7.67,    1.74,   38.53,   14.16,    104430,   52.68, 1963.75,  148.93, 1962.16,  146.18, 1961.75,  148.52, 1964.55,  146.33, 7852.20,  589.96,    108780, 8442.16,   7890.73,    604.12,   8494.85
2023-02-07,18:15:53.681,   29.71,    9.98,   26.32,    6.54,   30.19,   10.40,   25.56,    6.56,  111.77,   33.49,    105420,  145.26, 2342.23,  254.28, 2331.89,  247.70, 2336.27,  252.38, 2336.78,  248.74, 9347.17, 1003.11,    110380,10350.28,   9458.95,   1036.59,  10495.54
2023-02-07,18:15:53.780,   37.56,   15.43,   34.03,   12.02,   37.87,   15.67,   33.68,   11.88,  143.14,   55.00,    104410,  198.14, 1834.30,  113.66, 1836.23,  111.47, 1840.84,  116.33, 1836.28,  112.34, 7347.64,  453.80,    108260, 7801.44,   7490.78,    508.80,   7999.58
2023-02-07,18:15:53.881,   16.06,    6.25,   12.78,    2.93,   16.62,    6.61,   12.40,    2.78,   57.86,   18.58,    104396,   76.44, 1858.19,  120.85, 1853.43,  117.00, 1857.19,  121.25, 1852.38,  117.10, 7421.19,  476.20,    108524, 7897.39,   7479.05,    494.78,   7973.83
2023-02-07,18:15:53.981,   37.63,   12.11,   34.43,    8.79,   38.01,   12.37,   34.14,    8.67,  144.21,   41.94,    105520,  186.15, 2032.28,  150.84, 2017.45,  144.55, 2018.04,  147.04, 2030.25,  147.78, 8098.01,  590.22,    110090, 8688.23,   8242.22,    632.16,   8874.38
2023-02-07,18:15:54.081,   18.85,    5.97,   15.46,    2.66,   19.27,    6.28,   15.16,    2.61,   68.75,   17.52,    104400,   86.27, 2104.27,  182.80, 2106.87,  181.18, 2113.37,  185.82, 2111.82,  183.68, 8436.33,  733.48,    109400, 9169.81,   8505.08,    751.01,   9256.08
2023-02-07,18:15:54.181,   19.30,    6.47,   16.08,    3.18,   19.81,    6.84,   15.78,    3.10,   70.97,   19.59,    105450,   90.56, 2157.39,  202.53, 2149.85,  197.18, 2160.02,  204.41, 2154.00,  199.83, 8621.26,  803.95,    110530, 9425.22,   8692.23,    823.54,   9515.78
2023-02-07,18:15:54.281,   12.11,    4.82,    8.86,    1.52,   12.64,    5.18,    8.66,    1.43,   42.27,   12.95,    104400,   55.22, 2129.56,  212.27, 2136.92,  213.01, 2134.22,  214.03, 2132.15,  210.71, 8532.86,  850.02,    109530, 9382.87,   8575.13,    862.97,   9438.09
2023-02-07,18:15:54.382,   16.08,    5.58,   12.80,    2.22,   16.60,    5.88,   12.38,    2.10,   57.86,   15.79,    105400,   73.65, 2317.69,  244.04, 2309.12,  238.24, 2307.03,  240.75, 2319.17,  242.25, 9253.01,  965.29,    111080,10218.30,   9310.88,    981.08,  10291.95
2023-02-07,18:15:54.485,   50.83,   18.62,   47.75,   15.30,   51.55,   18.93,   47.14,   15.04,  197.27,   67.88,    104880,  265.16, 2318.56,  238.09, 2314.83,  235.15, 2318.35,  239.60, 2323.36,  237.47, 9275.10,  950.31,    110430,10225.41,   9472.37,   1018.20,  10490.57
2023-02-07,18:15:54.593,   29.44,   23.13,   26.15,   19.90,   29.82,   23.16,   25.74,   19.68,  111.15,   85.87,    104884,  197.02, 2662.13,  330.66, 2659.59,  327.30, 2658.81,  329.78, 2656.12,  325.09,10636.65, 1312.83,    114864,11949.48,  10747.80,   1398.70,  12146.50
2023-02-07,18:15:54.686,   14.22,    5.86,   11.13,    2.57,   14.64,    6.18,   10.67,    2.39,   50.67,   16.99,    104920,   67.66, 2167.55,  207.01, 2169.55,  205.11, 2168.55,  207.13, 2162.48,  202.81, 8668.13,  822.06,    106050, 9490.19,   8718.80,    839.04,   9557.84
2023-02-07,18:15:54.793,   37.37,   10.47,   34.27,    7.15,   37.83,   10.82,   33.85,    7.13,  143.32,   35.57,    104850,  178.89, 2148.67,  187.60, 2162.76,  189.09, 2161.62,  191.83, 2156.60,  188.02, 8629.65,  756.54,    113120, 9386.18,   8772.97,    792.10,   9565.07
2023-02-07,18:15:54.886,   12.06,    5.12,    8.82,    1.74,   12.67,    5.48,    8.68,    1.77,   42.22,   14.11,    104940,   56.34, 1978.85,  166.81, 1975.47,  164.57, 1978.23,  168.34, 1974.88,  164.50, 7907.44,  664.22,    105620, 8571.67,   7949.67,    678.33,   8628.00
2023-02-07,18:15:54.985,   12.28,    5.50,    9.05,    2.20,   12.66,    5.80,    8.66,    2.04,   42.66,   15.54,    104360,   58.20, 2144.64,  205.65, 2151.53,  205.50, 2144.40,  205.28, 2143.25,  202.66, 8583.81,  819.09,    109610, 9402.90,   8626.47,    834.63,   9461.10
2023-02-07,18:15:55.086,   10.21,    4.75,    6.90,    1.42,   10.63,    5.07,    6.58,    1.33,   34.33,   12.56,    105440,   46.88, 2285.27,  227.57, 2302.85,  230.78, 2305.21,  234.43, 2293.47,  227.75, 9186.80,  920.54,    111030,10107.33,   9221.12,    933.10,  10154.22
2023-02-07,18:15:55.185,   23.58,    7.68,   20.29,    4.33,   23.77,    7.89,   19.95,    4.23,   87.60,   24.13,    104380,  111.72, 2521.79,  288.15, 2530.99,  290.17, 2536.85,  294.17, 2532.82,  291.17,10122.45, 1163.66,    111370,11286.11,  10210.05,   1187.78,  11397.83
2023-02-07,18:15:55.286,    9.48,    4.68,    6.02,    1.30,    9.79,    5.05,    5.77,    1.21,   31.06,   12.25,    104376,   43.32, 2232.89,  226.92, 2234.97,  225.96, 2233.74,  227.80, 2227.29,  222.57, 8928.89,  903.25,    109277, 9832.14,   8959.95,    915.51,   9875.46
2023-02-07,18:15:55.386,   66.67,   17.56,   15.50,    2.72,   19.29,    6.38,   15.34,    2.65,  116.80,   29.30,    105460,  146.10, 2341.30,  251.35, 2349.14,  250.27, 2345.45,  252.11, 2346.11,  249.19, 9382.00, 1002.92,    111580,10384.92,   9498.80,   1032.22,  10531.02
2023-02-07,18:15:55.487,   19.64,    7.66,   16.31,    4.29,   20.07,    7.93,   15.96,    4.25,   71.99,   24.13,    104386,   96.12, 2413.30,  284.37, 2410.98,  280.01, 2430.23,  290.17, 2411.77,  279.69, 9666.29, 1134.24,    110494,10800.53,   9738.28,   1158.37,  10896.64
2023-02-07,18:15:55.593,   29.04,   11.10,   25.75,    7.75,   29.57,   11.36,   25.33,    7.55,  109.69,   37.76,    105460,  147.45, 2493.82,  289.55, 2494.34,  286.65, 2486.94,  287.56, 2488.65,  284.42, 9963.74, 1148.17,    113860,11111.92,  10073.43,   1185.93,  11259.37
2023-02-07,18:15:55.693,   32.46,   14.55,   28.93,   11.38,   32.72,   14.74,   28.63,   11.14,  122.74,   51.82,    105058,  174.56, 2128.78,  194.33, 2129.10,  190.39, 2138.50,  197.06, 2119.46,  187.25, 8515.85,  769.03,    111597, 9284.88,   8638.58,    820.85,   9459.44
2023-02-07,18:15:55.793,   34.07,   11.25,   30.67,    7.86,   34.21,   11.48,   30.32,    7.81,  129.27,   38.41,    104270,  167.67, 2078.09,  197.90, 2078.65,  195.75, 2079.05,  198.19, 2088.06,  199.88, 8323.85,  791.72,    105370, 9115.57,   8453.12,    830.13,   9283.25
2023-02-07,18:15:55.890,   20.41,    7.70,   17.15,    4.46,   20.80,    8.01,   16.69,    4.20,   75.06,   24.37,    104692,   99.42, 2494.12,  297.03, 2486.69,  291.70, 2488.64,  294.45, 2486.98,  292.31, 9956.43, 1175.49,    111315,11131.92,  10031.49,   1199.86,  11231.34
2023-02-07,18:15:55.990,   11.05,    5.18,    7.75,    1.88,   11.48,    5.58,    7.45,    1.81,   37.74,   14.45,    105450,   52.19, 2696.98,  349.02, 2688.75,  343.61, 2685.70,  344.96, 2688.28,  343.56,10759.71, 1381.14,    112840,12140.85,  10797.45,   1395.59,  12193.04
2023-02-07,18:15:56.090,   17.50,    6.02,   14.21,    2.78,   17.93,    6.30,   13.87,    2.64,   63.52,   17.74,    104390,   81.25, 2613.90,  331.11, 2616.62,  329.48, 2629.80,  336.99, 2612.15,  329.10,10472.47, 1326.68,    110920,11799.15,  10535.99,   1344.42,  11880.41
2023-02-07,18:15:56.190,   24.29,    6.60,   20.86,    3.23,   24.50,    6.86,   20.61,    3.10,   90.26,   19.79,    105420,  110.05, 2540.69,  315.29, 2531.37,  308.63, 2547.98,  317.99, 2530.89,  308.16,10150.93, 1250.08,    112680,11401.01,  10241.19,   1269.87,  11511.06
2023-02-07,18:15:56.290,   13.75,    4.93,   10.41,    1.60,   14.14,    5.26,   10.13,    1.52,   48.43,   13.31,    104370,   61.74, 2473.14,  285.06, 2465.79,  281.08, 2465.57,  283.39, 2465.71,  280.15, 9870.21, 1129.69,    110660,10999.90,   9918.64,   1143.00,  11061.63
2023-02-07,18:15:56.391,   12.79,    5.43,    9.32,    2.08,   13.19,    5.84,    9.02,    2.05,   44.31,   15.40,    105430,   59.71, 2137.92,  190.29, 2138.83,  187.32, 2137.02,  189.65, 2141.41,  189.62, 8555.18,  756.88,    110340, 9312.06,   8599.49,    772.28,   9371.77
2023-02-07,18:15:56.490,   21.66,    6.58,   18.43,    3.26,   22.12,    6.87,   17.97,    3.15,   80.19,   19.85,    104370,  100.05, 2390.15,  264.08, 2388.05,  260.02, 2384.97,  262.10, 2396.02,  263.44, 9559.20, 1049.64,    109360,10608.83,   9639.39,   1069.49,  10708.88
2023-02-07,18:15:56.591,   11.85,    5.49,    8.50,    2.13,   12.25,    5.78,    8.22,    2.02,   40.83,   15.42,    105430,   56.25, 2080.54,  189.23, 2067.71,  181.62, 2073.65,  186.89, 2070.81,  182.27, 8292.71,  740.01,    109820, 9032.72,   8333.53,    755.43,   9088.97
2023-02-07,18:15:56.690,   11.79,    4.84,    8.56,    1.55,   12.14,    5.18,    8.26,    1.41,   40.75,   12.97,    104390,   53.71, 1881.61,  134.09, 1881.31,  131.94, 1881.24,  133.97, 1886.41,  133.61, 7530.57,  533.61,    108360, 8064.18,   7571.32,    546.58,   8117.89
2023-02-07,18:15:56.797,   25.17,    7.14,   21.89,    3.75,   25.50,    7.48,   21.55,    3.69,   94.11,   22.05,    105242,  116.16, 2145.88,  192.62, 2155.21,  193.29, 2152.58,  194.51, 2149.23,  191.21, 8602.91,  771.64,    110786, 9374.55,   8697.02,    793.70,   9490.72
2023-02-07,18:15:56.894,   24.55,    8.62,   21.24,    5.27,   25.00,    8.83,   20.87,    5.08,   91.66,   27.81,    104940,  119.47, 2124.09,  198.15, 2124.41,  195.85, 2123.97,  198.55, 2123.35,  194.88, 8495.83,  787.42,    108740, 9283.25,   8587.49,    815.23,   9402.71
2023-02-07,18:15:56.993,   19.32,    6.36,   15.90,    3.03,   19.72,    6.73,   15.84,    2.93,   70.78,   19.04,    104400,   89.82, 1996.32,  162.62, 1996.89,  161.04, 1998.44,  163.07, 1995.60,  160.45, 7987.25,  647.18,    108910, 8634.43,   8058.03,    666.22,   8724.25
2023-02-07,18:15:57.094,   11.31,    5.60,    8.01,    2.25,   11.69,    5.91,    7.45,    2.05,   38.46,   15.82,    105450,   54.27, 2101.76,  186.12, 2091.54,  181.47, 2101.79,  187.03, 2093.46,  180.98, 8388.56,  735.61,    110910, 9124.16,   8427.02,    751.42,   9178.44
2023-02-07,18:15:57.193,   19.08,    5.85,   15.84,    2.55,   19.59,    6.26,   15.41,    2.47,   69.93,   17.13,    104390,   87.06, 1762.50,  102.46, 1759.17,   99.58, 1756.86,  101.08, 1760.81,   99.86, 7039.33,  402.97,    108150, 7442.31,   7109.26,    420.10,   7529.36
2023-02-07,18:15:57.293,   13.55,    5.76,   10.29,    2.49,   14.01,    6.08,    9.89,    2.29,   47.73,   16.62,    104400,   64.35, 2206.12,  208.12, 2197.88,  202.79, 2204.33,  208.22, 2199.16,  203.35, 8807.49,  822.48,    110080, 9629.97,   8855.23,    839.10,   9694.33
2023-02-07,18:15:57.393,   11.97,    5.16,    8.63,    1.85,   12.59,    5.58,    8.42,    1.76,   41.60,   14.36,    105460,   55.96, 1858.18,  124.48, 1855.21,  121.66, 1868.68,  128.68, 1848.91,  120.02, 7430.98,  494.85,    110260, 7925.83,   7472.59,    509.20,   7981.79
2023-02-07,18:15:57.493,   29.68,   11.07,   26.66,    7.73,   30.30,   11.39,   26.04,    7.62,  112.68,   37.82,    104400,  150.50, 1881.23,  121.06, 1886.99,  121.23, 1880.98,  121.32, 1882.01,  119.07, 7531.21,  482.68,    107930, 8013.89,   7643.89,    520.50,   8164.39
2023-02-07,18:15:57.594,   28.53,    9.46,   25.60,    6.16,   29.30,    9.84,   24.68,    5.99,  108.11,   31.46,    105440,  139.57, 2298.47,  240.64, 2298.59,  238.52, 2300.76,  242.45, 2290.72,  236.44, 9188.54,  958.05,    111400,10146.59,   9296.65,    989.51,  10286.16
2023-02-07,18:15:57.693,   16.55,    5.84,   13.37,    2.56,   16.82,    6.14,   12.79,    2.40,   59.53,   16.95,    104400,   76.48, 2034.21,  176.73, 2035.71,  174.50, 2039.17,  179.68, 2034.23,  174.62, 8143.31,  705.53,    109170, 8848.85,   8202.85,    722.48,   8925.32
2023-02-07,18:15:57.794,   17.28,    6.46,   14.01,    3.10,   17.73,    6.82,   13.47,    2.98,   62.49,   19.36,    105500,   81.84, 1950.17,  148.09, 1954.72,  148.03, 1956.68,  152.25, 1953.00,  147.81, 7814.57,  596.17,    111210, 8410.74,   7877.06,    615.53,   8492.59
2023-02-07,18:15:57.893,   32.11,   10.07,   28.93,    6.82,   32.34,   10.37,   28.51,    6.63,  121.90,   33.89,    104400,  155.78, 2050.15,  176.73, 2040.72,  171.68, 2042.24,  174.15, 2045.53,  173.11, 8178.64,  695.67,    108160, 8874.31,   8300.54,    729.56,   9030.09
2023-02-07,18:15:57.994,   18.83,    8.48,   15.62,    5.25,   19.20,    8.86,   15.21,    5.15,   68.86,   27.75,    104414,   96.60, 2349.85,  255.32, 2352.14,  254.01, 2353.37,  256.10, 2348.34,  253.45, 9403.69, 1018.88,    109979,10422.57,   9472.55,   1046.63,  10519.18
2023-02-07,18:15:58.094,   23.74,    6.39,   20.30,    3.00,   24.24,    6.75,   19.81,    2.88,   88.09,   19.03,    105450,  107.12, 2196.87,  217.43, 2199.74,  215.19, 2200.97,  218.13, 2204.15,  218.28, 8801.73,  869.03,    110540, 9670.76,   8889.82,    888.06,   9777.88
2023-02-07,18:15:58.194,   23.43,    7.37,   20.07,    3.97,   23.54,    7.60,   19.53,    3.85,   86.57,   22.79,    104410,  109.36, 2171.13,  204.10, 2179.58,  204.38, 2166.29,  201.76, 2172.21,  201.48, 8689.22,  811.72,    109350, 9500.95,   8775.79,    834.51,   9610.31
2023-02-07,18:15:58.294,   14.38,    5.35,   11.14,    2.05,   14.82,    5.73,   10.70,    1.93,   51.05,   15.06,    105470,   66.11, 2234.97,  221.31, 2236.32,  218.81, 2232.12,  220.36, 2232.73,  218.12, 8936.13,  878.60,    111070, 9814.73,   8987.18,    893.65,   9880.84
2023-02-07,18:15:58.394,   14.78,    5.60,   11.65,    2.34,   15.30,    5.99,   11.26,    2.22,   52.99,   16.15,    104380,   69.14, 2124.41,  195.54, 2124.83,  193.27, 2129.10,  196.88, 2125.47,  194.57, 8503.81,  780.26,    109620, 9284.07,   8556.79,    796.41,   9353.21
2023-02-07,18:15:58.495,   21.99,    6.52,   18.75,    3.09,   22.42,    6.78,   18.30,    3.03,   81.46,   19.42,    105480,  100.89, 2179.43,  197.45, 2185.53,  196.80, 2175.05,  195.39, 2188.75,  199.71, 8728.76,  789.35,    111310, 9518.11,   8810.23,    808.77,   9619.00
2023-02-07,18:15:58.594,   11.66,    5.59,    8.50,    2.29,   12.19,    5.97,    8.01,    2.17,   40.36,   16.01,    104420,   56.38, 1933.71,  150.58, 1928.17,  146.25, 1933.03,  150.49, 1924.38,  145.06, 7719.29,  592.39,    108640, 8311.68,   7759.65,    608.40,   8368.05
2023-02-07,18:15:58.695,   14.21,    5.39,   11.07,    2.08,   14.60,    5.79,   10.62,    1.98,   50.50,   15.23,    104414,   65.73, 1804.68,  115.42, 1794.42,  109.16, 1801.69,  114.63, 1798.77,  111.21, 7199.57,  450.42,    108395, 7649.98,   7250.06,    465.65,   7715.71
2023-02-07,18:15:58.795,   18.75,    6.40,   15.69,    3.12,   19.19,    6.80,   15.16,    3.04,   68.79,   19.36,    105480,   88.15, 1837.36,  122.47, 1820.33,  114.21, 1822.94,  117.23, 1837.38,  120.59, 7318.00,  474.50,    109120, 7792.50,   7386.79,    493.86,   7880.65
2023-02-07,18:15:58.898,   34.26,    9.60,   31.07,    6.24,   34.72,    9.91,   30.72,    6.16,  130.77,   31.92,    105107,  162.70, 2198.17,  207.71, 2190.99,  202.33, 2183.17,  201.70, 2196.68,  204.42, 8769.01,  816.16,    109744, 9585.17,   8899.78,    848.08,   9747.86
2023-02-07,18:15:58.997,   10.18,    4.89,    6.88,    1.58,   10.65,    5.24,    6.69,    1.54,   34.41,   13.25,    104400,   47.66, 1941.50,  156.29, 1944.07,  154.09, 1943.31,  156.49, 1942.82,  153.41, 7771.70,  620.27,    108410, 8391.98,   7806.11,    633.53,   8439.64
2023-02-07,18:15:59.098,   10.33,    4.73,    6.99,    1.34,   10.77,    5.05,    6.76,    1.33,   34.86,   12.45,    105460,   47.31, 2078.27,  183.65, 2078.35,  180.61, 2081.34,  185.06, 2080.97,  181.07, 8318.93,  730.39,    110940, 9049.32,   8353.79,    742.85,   9096.63
2023-02-07,18:15:59.197,   17.85,    5.99,   14.61,    2.64,   18.30,    6.35,   14.30,    2.58,   65.05,   17.56,    104410,   82.61, 2193.10,  208.67, 2187.86,  203.96, 2191.36,  208.78, 2181.67,  201.01, 8754.00,  822.42,    109760, 9576.42,   8819.05,    839.98,   9659.03
2023-02-07,18:15:59.298,   10.78,    4.93,    7.49,    1.58,   11.31,    5.29,    7.29,    1.54,   36.87,   13.33,    104396,   50.20, 2539.53,  317.54, 2525.31,  310.17, 2531.50,  315.51, 2529.87,  311.27,10126.21, 1254.49,    111197,11380.70,  10163.08,   1267.82,  11430.90
2023-02-07,18:15:59.398,   11.35,    4.98,    7.93,    1.62,   11.88,    5.38,    7.75,    1.58,   38.91,   13.55,    105440,   52.46, 2075.82,  183.76, 2083.14,  183.90, 2087.45,  188.34, 2080.22,  183.38, 8326.63,  739.37,    110920, 9066.00,   8365.54,    752.92,   9118.46
2023-02-07,18:15:59.509,   57.82,   28.81,   54.38,   25.42,   57.82,   28.91,   53.92,   25.23,  223.94,  108.37,    105106,  332.31, 2008.23,  156.78, 1996.86,  150.01, 2004.22,  155.57, 1995.28,  149.46, 8004.59,  611.83,    113271, 8616.41,   8228.53,    720.19,   8948.72
2023-02-07,18:15:59.613,   19.40,   12.28,   16.05,    8.95,   19.74,   12.53,   15.66,    8.88,   70.85,   42.63,    104874,  113.48, 2380.81,  262.99, 2400.66,  269.03, 2385.13,  266.78, 2396.95,  265.86, 9563.54, 1064.65,    110999,10628.20,   9634.39,   1107.29,  10741.68
2023-02-07,18:15:59.717,   15.04,    5.39,   11.74,    2.11,   15.33,    5.75,   11.28,    1.97,   53.39,   15.21,    104864,   68.60, 2295.64,  240.53, 2292.55,  237.13, 2298.30,  241.95, 2298.36,  238.33, 9184.85,  957.94,    110403,10142.79,   9238.24,    973.15,  10211.39
2023-02-07,18:15:59.810,   14.49,    6.21,   11.16,    2.84,   14.93,    6.58,   10.74,    2.75,   51.31,   18.37,    104920,   69.69, 2011.96,  187.20, 2010.32,  185.13, 2008.83,  187.18, 2003.72,  182.62, 8034.82,  742.13,    105010, 8776.96,   8086.14,    760.51,   8846.64
2023-02-07,18:15:59.917,   31.33,    9.92,   27.95,    6.59,   31.69,   10.17,   27.55,    6.38,  118.53,   33.06,    104780,  151.60, 1972.31,  126.40, 1975.33,  125.23, 1973.44,  127.27, 1972.92,  124.29, 7894.00,  503.19,    112280, 8397.19,   8012.53,    536.26,   8548.79
2023-02-07,18:16:00.013,   15.98,    6.31,   12.68,    3.01,   16.50,    6.74,   12.35,    2.93,   57.50,   18.99,    104756,   76.49, 1645.19,   88.17, 1642.07,   84.59, 1653.59,   91.36, 1639.48,   84.40, 6580.33,  348.52,    105455, 6928.84,   6637.83,    367.51,   7005.34
2023-02-07,18:16:00.112,   18.77,    5.87,   15.40,    2.60,   19.26,    6.30,   15.08,    2.47,   68.50,   17.24,    104350,   85.74, 1881.85,  136.37, 1881.60,  133.48, 1881.87,  135.88, 1878.62,  133.02, 7523.94,  538.74,    107700, 8062.68,   7592.45,    555.98,   8148.42
2023-02-07,18:16:00.213,   20.36,    6.65,   17.10,    3.33,   20.79,    6.95,   16.65,    3.23,   74.90,   20.16,    105450,   95.06, 2003.73,  161.47, 2003.58,  159.37, 2011.97,  164.44, 1987.23,  155.12, 8006.51,  640.41,    110630, 8646.91,   8081.40,    660.57,   8741.97
2023-02-07,18:16:00.312,   11.82,    4.94,    8.44,    1.56,   12.28,    5.29,    8.28,    1.52,   40.82,   13.32,    104400,   54.14, 1802.02,  112.71, 1794.12,  108.20, 1803.00,  113.57, 1793.40,  107.91, 7192.54,  442.39,    107860, 7634.93,   7233.36,    455.72,   7689.07
2023-02-07,18:16:00.413,   11.99,    4.76,    8.81,    1.45,   12.47,    5.08,    8.42,    1.37,   41.70,   12.65,    105440,   54.35, 1783.73,  107.06, 1787.51,  105.07, 1787.68,  107.94, 1783.89,  104.20, 7142.80,  424.27,    109560, 7567.07,   7184.50,    436.92,   7621.42
2023-02-07,18:16:00.512,   15.91,    6.14,   12.66,    2.74,   16.43,    6.42,   12.19,    2.66,   57.19,   17.97,    104390,   75.16, 1912.76,  145.23, 1913.17,  142.76, 1906.22,  143.30, 1913.43,  143.17, 7645.58,  574.47,    108090, 8220.05,   7702.78,    592.44,   8295.21
2023-02-07,18:16:00.617,   23.68,    9.78,   20.35,    6.46,   24.21,   10.09,   19.91,    6.33,   88.15,   32.66,    105246,  120.81, 2083.29,  169.52, 2075.83,  163.99, 2071.86,  165.87, 2078.53,  165.16, 8309.52,  664.54,    112445, 8974.06,   8397.67,    697.21,   9094.87
2023-02-07,18:16:00.714,   38.82,   11.89,   35.70,    8.62,   39.43,   12.24,   35.32,    8.45,  149.27,   41.20,    104970,  190.47, 1828.08,  129.53, 1824.19,  126.81, 1836.91,  133.74, 1821.63,  125.20, 7310.81,  515.27,    107210, 7826.08,   7460.08,    556.47,   8016.56
2023-02-07,18:16:00.813,   52.01,   15.18,   47.19,   11.56,   50.77,   15.01,   45.60,   11.24,  195.57,   52.99,    104440,  248.57, 2076.12,  176.69, 2084.81,  178.16, 2080.73,  178.40, 2081.15,  177.19, 8322.81,  710.43,    108900, 9033.24,   8518.38,    763.42,   9281.80
2023-02-07,18:16:00.925,   33.43,    9.64,   30.18,    6.36,   33.98,   10.00,   29.80,    6.20,  127.39,   32.20,    105259,  159.58, 2060.79,  163.56, 2067.89,  163.70, 2063.12,  165.03, 2062.79,  162.09, 8254.58,  654.38,    113393, 8908.97,   8381.97,    686.58,   9068.55
2023-02-07,18:16:01.018,   15.86,    5.95,   12.79,    2.59,   16.47,    6.19,   12.25,    2.39,   57.39,   17.12,    104930,   74.50, 2158.45,  220.11, 2151.01,  213.55, 2153.23,  218.95, 2160.24,  217.81, 8622.93,  870.42,    105860, 9493.35,   8680.32,    887.54,   9567.86
2023-02-07,18:16:01.117,   15.42,    5.18,   12.24,    1.97,   15.89,    5.55,   11.90,    1.76,   55.45,   14.46,    104380,   69.91, 2359.35,  257.91, 2360.32,  257.27, 2361.93,  259.40, 2363.56,  257.86, 9445.15, 1032.45,    109970,10477.60,   9500.60,   1046.90,  10547.50
2023-02-07,18:16:01.218,   14.91,    5.54,   11.67,    2.17,   15.19,    5.90,   11.05,    2.03,   52.83,   15.64,    105450,   68.47, 2368.69,  261.61, 2363.15,  257.48, 2359.23,  259.34, 2353.34,  252.92, 9444.40, 1031.36,    111100,10475.76,   9497.23,   1047.00,  10544.23
2023-02-07,18:16:01.317,    9.77,    4.62,    6.64,    1.35,   10.25,    4.97,    6.25,    1.20,   32.91,   12.14,    104410,   45.05, 2067.81,  172.71, 2057.07,  165.00, 2065.15,  171.00, 2058.92,  166.33, 8248.97,  675.04,    109040, 8924.01,   8281.88,    687.18,   8969.06
2023-02-07,18:16:01.418,   14.86,    5.25,   11.57,    1.90,   15.42,    5.63,   11.26,    1.81,   53.12,   14.58,    104405,   67.70, 1859.82,  133.24, 1862.01,  131.51, 1862.14,  133.89, 1860.17,  131.75, 7444.14,  530.40,    109197, 7974.54,   7497.25,    544.99,   8042.24
2023-02-07,18:16:01.518,   20.57,    7.26,   17.33,    3.88,   21.10,    7.58,   16.98,    3.78,   75.98,   22.51,    105450,   98.49, 2101.02,  177.79, 2097.30,  174.26, 2089.71,  173.75, 2100.19,  174.97, 8388.22,  700.77,    110120, 9088.99,   8464.19,    723.28,   9187.47
2023-02-07,18:16:01.618,   12.49,    5.31,    9.24,    2.02,   12.90,    5.66,    8.96,    1.96,   43.59,   14.95,    104400,   58.54, 1972.26,  143.69, 1979.12,  143.17, 1975.06,  144.01, 1974.33,  142.40, 7900.77,  573.28,    108600, 8474.04,   7944.36,    588.22,   8532.59
2023-02-07,18:16:01.718,   14.59,    5.49,   11.40,    2.15,   14.91,    5.83,   10.87,    2.05,   51.76,   15.52,    105420,   67.28, 2272.59,  227.94, 2262.75,  222.04, 2271.26,  227.58, 2266.57,  223.65, 9073.17,  901.21,    111050, 9974.38,   9124.93,    916.74,  10041.66
2023-02-07,18:16:01.818,   14.83,    6.11,   11.46,    2.74,   15.31,    6.46,   11.11,    2.64,   52.70,   17.95,    104400,   70.66, 2012.91,  165.75, 2006.84,  162.19, 2013.42,  167.04, 2002.47,  160.51, 8035.64,  655.49,    108800, 8691.13,   8088.34,    673.45,   8761.79
2023-02-07,18:16:01.919,   37.04,   13.17,   33.56,    9.77,   37.42,   13.46,   33.42,    9.75,  141.44,   46.15,    105520,  187.60, 2195.07,  212.70, 2197.07,  209.69, 2194.82,  212.37, 2199.99,  211.55, 8786.95,  846.32,    111350, 9633.27,   8928.40,    892.47,   9820.87
2023-02-07,18:16:02.018,   17.44,    8.10,   14.26,    4.80,   17.82,    8.42,   13.78,    4.71,   63.31,   26.02,    104370,   89.33, 2413.91,  283.46, 2411.63,  278.79, 2410.06,  281.56, 2430.85,  285.11, 9666.45, 1128.92,    110070,10795.37,   9729.76,   1154.94,  10884.70
2023-02-07,18:16:02.119,   14.89,    5.04,   11.53,    1.66,   15.19,    5.43,   11.13,    1.57,   52.74,   13.70,    105400,   66.44, 2134.70,  199.92, 2131.85,  196.96, 2122.04,  195.39, 2135.38,  199.12, 8523.96,  791.40,    109830, 9315.36,   8576.70,    805.09,   9381.80
2023-02-07,18:16:02.218,   32.14,    8.58,   28.86,    5.37,   32.43,    8.95,   28.32,    5.18,  121.75,   28.08,    104420,  149.83, 2182.15,  207.50, 2178.90,  203.41, 2181.71,  207.63, 2176.99,  203.19, 8719.75,  821.74,    109380, 9541.49,   8841.50,    849.82,   9691.33
2023-02-07,18:16:02.319,   15.59,    5.07,   12.23,    1.61,   16.14,    5.47,   11.78,    1.64,   55.74,   13.80,    104396,   69.54, 2084.34,  195.32, 2082.33,  193.01, 2089.99,  198.27, 2081.90,  192.53, 8338.56,  779.14,    109078, 9117.70,   8394.30,    792.93,   9187.23
2023-02-07,18:16:02.419,   23.42,    9.62,   20.09,    6.27,   23.74,    9.92,   19.62,    6.19,   86.88,   32.00,    105430,  118.88, 2224.96,  228.24, 2235.91,  230.48, 2233.91,  232.03, 2227.87,  227.13, 8922.66,  917.88,    111580, 9840.54,   9009.54,    949.87,   9959.42
2023-02-07,18:16:02.519,   34.22,   10.16,   30.41,    6.58,   34.11,   10.33,   30.87,    6.56,  129.62,   33.62,    104400,  163.24, 2215.63,  226.34, 2216.66,  223.62, 2220.32,  226.32, 2205.25,  220.26, 8857.86,  896.54,    109220, 9754.41,   8987.48,    930.17,   9917.65
2023-02-07,18:16:02.619,   15.19,    5.53,   11.94,    2.24,   15.67,    5.91,   11.53,    2.14,   54.34,   15.81,    105430,   70.15, 1991.37,  159.59, 1995.43,  157.92, 2000.44,  162.12, 1991.59,  156.51, 7978.83,  636.14,    109600, 8614.97,   8033.16,    651.95,   8685.12
2023-02-07,18:16:02.719,   11.68,    4.88,    8.32,    1.54,   12.09,    5.22,    8.07,    1.46,   40.16,   13.10,    104400,   53.26, 2158.53,  194.42, 2143.61,  186.17, 2148.85,  191.02, 2148.39,  189.27, 8599.37,  760.87,    110140, 9360.25,   8639.53,    773.97,   9413.51
2023-02-07,18:16:02.819,   19.96,    6.42,   16.66,    3.05,   20.41,    6.77,   16.31,    2.99,   73.35,   19.23,    105440,   92.57, 1896.80,  140.71, 1890.77,  136.28, 1892.27,  139.10, 1890.24,  135.50, 7570.08,  551.58,    109400, 8121.67,   7643.43,    570.81,   8214.24
2023-02-07,18:16:02.929,   23.66,    5.65,   20.32,    2.26,   24.13,    5.91,   20.17,    2.23,   88.27,   16.05,    104940,  104.32, 2065.97,  162.14, 2055.33,  155.24, 2057.80,  158.44, 2068.79,  161.36, 8247.89,  637.18,    112970, 8885.07,   8336.17,    653.22,   8989.39
2023-02-07,18:16:03.033,   24.14,    9.01,   20.54,    5.68,   24.15,    9.29,   20.07,    5.54,   88.90,   29.53,    104846,  118.43, 2414.85,  279.76, 2415.06,  276.12, 2421.83,  282.09, 2410.61,  274.40, 9662.36, 1112.38,    111518,10774.73,   9751.26,   1141.90,  10893.16
2023-02-07,18:16:03.137,   12.14,    4.90,    8.83,    1.53,   12.65,    5.32,    8.65,    1.48,   42.27,   13.23,    104846,   55.50, 2299.92,  257.13, 2289.35,  250.64, 2293.51,  255.61, 2288.20,  249.63, 9170.99, 1013.01,    110076,10184.01,   9213.27,   1026.24,  10239.51
2023-02-07,18:16:03.241,   16.20,    5.60,   12.85,    2.28,   16.53,    5.92,   12.51,    2.14,   58.09,   15.95,    104864,   74.04, 1939.98,  142.13, 1930.84,  137.21, 1943.11,  142.96, 1926.57,  135.65, 7740.50,  557.96,    108778, 8298.45,   7798.59,    573.90,   8372.49
2023-02-07,18:16:03.334,   12.00,    4.86,    8.64,    1.52,   12.38,    5.21,    8.21,    1.40,   41.22,   12.98,    104930,   54.20, 1716.40,  105.99, 1712.43,  102.89, 1712.90,  105.49, 1720.54,  105.94, 6862.27,  420.31,    104990, 7282.59,   6903.50,    433.29,   7336.79
2023-02-07,18:16:03.433,   12.13,    5.26,    8.75,    1.96,   12.59,    5.59,    8.49,    1.87,   41.96,   14.69,    104380,   56.65, 1980.61,  154.89, 1975.73,  150.64, 1978.45,  154.31, 1975.59,  150.22, 7910.37,  610.05,    109380, 8520.43,   7952.33,    624.75,   8577.08
2023-02-07,18:16:03.534,   22.06,    7.62,   18.81,    4.30,   22.74,    8.03,   18.46,    4.20,   82.06,   24.15,    105460,  106.21, 1827.66,  113.55, 1831.90,  112.75, 1825.40,  113.06, 1828.23,  111.20, 7313.20,  450.56,    109970, 7763.76,   7395.26,    474.71,   7869.97
2023-02-07,18:16:03.633,   11.78,    4.88,    8.42,    1.59,   12.15,    5.23,    8.12,    1.47,   40.48,   13.18,    104360,   53.65, 1825.78,  127.08, 1819.76,  122.16, 1828.16,  128.19, 1822.18,  123.14, 7295.88,  500.57,    109080, 7796.45,   7336.36,    513.75,   7850.10
2023-02-07,18:16:03.734,   31.82,   15.55,   28.70,   12.14,   32.25,   15.90,   27.69,   12.02,  120.45,   55.61,    104405,  176.06, 1683.10,   97.96, 1673.29,   91.87, 1677.11,   95.59, 1679.09,   94.22, 6712.59,  379.65,    108267, 7092.24,   6833.04,    435.26,   7268.30
2023-02-07,18:16:03.834,   19.24,    8.27,   15.90,    4.95,   19.65,    8.61,   15.46,    4.83,   70.25,   26.65,    105440,   96.90, 2447.02,  287.99, 2451.00,  284.18, 2444.17,  285.39, 2438.65,  282.35, 9780.83, 1139.90,    112030,10920.73,   9851.07,   1166.55,  11017.63
2023-02-07,18:16:03.934,   12.43,    5.20,    9.14,    1.91,   12.83,    5.59,    8.75,    1.85,   43.16,   14.55,    104380,   57.71, 2092.93,  193.82, 2092.72,  191.70, 2095.83,  195.36, 2092.76,  191.66, 8374.24,  772.53,    109340, 9146.77,   8417.40,    787.08,   9204.48
2023-02-07,18:16:04.045,   32.31,   10.04,   28.86,    6.61,   32.63,   10.31,   28.56,    6.57,  122.36,   33.53,    105514,  155.90, 2564.48,  311.98, 2555.92,  307.40, 2567.85,  313.95, 2561.13,  307.90,10249.37, 1241.23,    116359,11490.60,  10371.73,   1274.77,  11646.50
2023-02-07,18:16:04.138,   16.87,    5.42,   13.44,    2.03,   17.19,    5.69,   13.26,    1.95,   60.76,   15.09,    104920,   75.85, 2046.75,  186.84, 2048.18,  186.20, 2043.05,  186.20, 2039.21,  181.87, 8177.18,  741.11,    105200, 8918.29,   8237.94,    756.19,   8994.14
2023-02-07,18:16:04.237,   23.60,    7.10,   20.24,    3.82,   23.93,    7.41,   19.74,    3.73,   87.51,   22.06,    104420,  109.57, 2002.02,  166.55, 1995.19,  161.07, 2001.10,  166.23, 1995.74,  161.98, 7994.06,  655.82,    108970, 8649.88,   8081.56,    677.88,   8759.45
2023-02-07,18:16:04.338,   12.79,    5.17,    9.48,    1.86,   13.20,    5.59,    9.05,    1.74,   44.52,   14.36,    105460,   58.88, 2487.34,  294.21, 2474.57,  287.56, 2490.11,  295.09, 2490.42,  292.87, 9942.44, 1169.73,    112180,11112.18,   9986.97,   1184.09,  11171.06
2023-02-07,18:16:04.441,   19.82,    5.65,   16.57,    2.29,   20.17,    5.96,   16.16,    2.23,   72.72,   16.13,    104640,   88.86, 2092.83,  189.60, 2089.53,  185.41, 2092.50,  189.00, 2085.29,  184.98, 8360.14,  748.99,    109230, 9109.13,   8432.86,    765.13,   9197.99
2023-02-07,18:16:04.545,   50.26,   31.08,   46.67,   27.81,   50.42,   31.32,   46.38,   27.54,  193.73,  117.74,    104880,  311.48, 2024.75,  160.73, 2019.77,  155.94, 2017.76,  157.98, 2021.58,  157.41, 8083.87,  632.07,    112930, 8715.94,   8277.60,    749.81,   9027.42
2023-02-07,18:16:04.642,   17.35,   11.23,   13.90,    7.79,   17.74,   11.51,   13.72,    7.86,   62.71,   38.39,    104874,  101.10, 1902.34,  144.72, 1896.46,  140.25, 1902.47,  145.62, 1912.10,  145.90, 7613.36,  576.49,    105259, 8189.85,   7676.07,    614.88,   8290.95
2023-02-07,18:16:04.741,   12.36,    4.81,    8.81,    1.41,   12.63,    5.15,    8.70,    1.41,   42.50,   12.78,    104430,   55.28, 1919.39,  143.64, 1924.94,  141.63, 1912.23,  140.63, 1923.07,  142.26, 7679.64,  568.17,    108950, 8247.82,   7722.14,    580.96,   8303.09
2023-02-07,18:16:04.842,   21.04,    6.97,   17.84,    3.62,   21.34,    7.31,   17.44,    3.57,   77.65,   21.46,    105430,   99.11, 2262.38,  212.05, 2269.93,  211.67, 2260.69,  211.98, 2267.58,  212.38, 9060.58,  848.07,    110530, 9908.65,   9138.22,    869.53,  10007.76
2023-02-07,18:16:04.941,   15.10,    5.77,   11.81,    2.40,   15.32,    6.11,   11.47,    2.35,   53.70,   16.63,    104380,   70.33, 1726.94,   95.01, 1724.46,   92.15, 1729.58,   96.65, 1726.20,   92.99, 6907.18,  376.80,    108460, 7283.98,   6960.88,    393.42,   7354.31
2023-02-07,18:16:05.053,   27.77,    9.14,   24.31,    5.75,   28.08,    9.51,   24.18,    5.72,  104.35,   30.13,    105210,  134.48, 2139.22,  177.38, 2129.84,  171.21, 2139.17,  177.17, 2127.59,  170.58, 8535.81,  696.35,    113971, 9232.16,   8640.16,    726.48,   9366.64
2023-02-07,18:16:05.146,   21.55,    6.92,   18.29,    3.61,   21.90,    7.26,   18.02,    3.57,   79.76,   21.36,    104950,  101.12, 2021.29,  178.45, 2022.26,  177.34, 2024.78,  181.45, 2012.97,  173.31, 8081.29,  710.54,    105320, 8791.84,   8161.06,    731.90,   8892.96
2023-02-07,18:16:05.245,   11.76,    5.59,    8.40,    2.29,   12.16,    5.91,    8.15,    2.21,   40.46,   16.00,    104380,   56.47, 1909.97,  141.90, 1919.58,  142.19, 1915.26,  143.34, 1921.03,  143.02, 7665.84,  570.45,    109220, 8236.29,   7706.30,    586.46,   8292.75
2023-02-07,18:16:05.346,   10.45,    4.96,    7.25,    1.62,   10.95,    5.27,    6.86,    1.52,   35.51,   13.38,    105440,   48.88, 1929.07,  132.40, 1932.10,  131.26, 1931.56,  133.87, 1930.88,  130.49, 7723.60,  528.02,    108980, 8251.62,   7759.10,    541.40,   8300.50
2023-02-07,18:16:05.445,   21.94,    5.98,   18.68,    2.70,   22.27,    6.31,   18.31,    2.65,   81.21,   17.64,    104380,   98.86, 1825.05,  104.81, 1817.65,   99.67, 1820.45,  103.29, 1815.12,   98.62, 7278.26,  406.39,    108840, 7684.65,   7359.47,    424.04,   7783.51
2023-02-07,18:16:05.546,   17.56,    8.31,   14.16,    4.84,   17.59,    8.24,   13.67,    4.74,   62.98,   26.13,    104376,   89.11, 2662.31,   56.25, 2654.92,   51.22, 2659.21,   56.21, 2659.68,   53.96,10636.12,  217.65,    117117,10853.77,  10699.10,    243.78,  10942.88
2023-02-07,18:16:05.646,   25.42,    3.85,   21.92,    0.47,   25.19,    3.84,   21.75,    0.49,   94.27,    8.64,    105390,  102.91,   60.28,   27.76,   56.44,   24.12,   59.77,   27.44,   56.55,   24.16,  233.04,  103.47,    105430,  336.52,    327.31,    112.12,    439.43
2023-02-07,18:16:05.747,   18.02,    3.54,   14.59,    0.17,   17.95,    3.55,   14.43,    0.16,   65.00,    7.42,    105320,   72.41,    5.95,   15.17,    2.31,   11.94,    5.58,   15.05,    2.63,   12.14,   16.47,   54.29,    105280,   70.76,     81.47,     61.71,    143.18
2023-02-07,18:16:05.846,   12.03,    3.55,    8.71,    0.22,   12.03,    3.59,    8.56,    0.22,   41.34,    7.57,    104230,   48.91,   10.54,   12.63,    6.78,    9.36,   10.11,   12.58,    6.96,    9.46,   34.40,   44.03,    104230,   78.43,     75.74,     51.60,    127.34
2023-02-07,18:16:05.946,    4.78,    3.50,    1.41,    0.11,    4.78,    3.51,    1.29,    0.10,   12.27,    7.21,    105260,   19.48,    8.30,    6.63,    4.75,    3.13,    8.06,    6.44,    4.84,    3.26,   25.95,   19.46,    105260,   45.41,     38.22,     26.68,     64.89
2023-02-07,18:16:06.046,   19.31,    5.86,   15.82,    2.48,   19.11,    5.87,   15.57,    2.55,   69.80,   16.76,    104250,   86.56,   26.76,    9.63,   22.51,    6.10,   26.17,    9.63,   23.15,    6.39,   98.59,   31.75,    104250,  130.34,    168.39,     48.52,    216.91
2023-02-07,18:16:06.146,   14.30,    4.60,   10.88,    1.28,   14.20,    4.67,   10.65,    1.31,   50.03,   11.86,    105280,   61.89,   15.80,   14.42,   11.63,   10.84,   15.09,   14.22,   12.11,   11.19,   54.64,   50.67,    105280,  105.32,    104.67,     62.53,    167.20
2023-02-07,18:16:06.247,   12.25,    4.77,    8.86,    1.42,   12.15,    4.78,    8.55,    1.45,   41.82,   12.42,    105260,   54.24,   12.57,    9.88,    8.38,    6.54,   11.80,    9.98,    8.94,    6.75,   41.69,   33.15,    105270,   74.83,     83.50,     45.57,    129.07
2023-02-07,18:16:06.346,    5.75,    3.92,    2.35,    0.56,    5.64,    3.93,    2.19,    0.56,   15.92,    8.97,    104220,   24.89,    6.92,    4.78,    3.21,    1.36,    6.49,    4.64,    3.61,    1.49,   20.22,   12.28,    104220,   32.50,     36.15,     21.24,     57.39
2023-02-07,18:16:06.446,   10.94,    4.85,    7.23,    1.50,   10.56,    4.88,    7.27,    1.54,   35.99,   12.76,    105240,   48.76,   10.83,    7.54,    6.76,    4.13,   10.40,    7.62,    7.34,    4.33,   35.32,   23.62,    105240,   58.94,     71.32,     36.38,    107.70
