13000_sock0,13000_sock1,10000_sock0,10000_sock1,7000_sock0,7000_sock1
   32.62,   34.90,   41.94,   31.41,   25.64,   28.23
   17.28,   20.13,  229.75,  181.68,   32.20,   36.63
   16.02,   18.84,   61.94,   37.54,   20.56,   28.51
   44.49,   40.33,   42.04,   42.58,   36.86,   46.38
   23.64,   26.24,   38.81,   36.91,   26.60,   28.40
   27.49,   28.25,   19.03,   35.00,   25.81,   26.20
   21.92,   31.22,   31.68,   24.94,   38.28,   26.25
   16.88,   20.74,   31.58,   38.59,   23.55,   25.74
   21.87,   23.99,   18.75,   19.48,   22.35,   20.59
   16.49,   19.32,   77.33,   30.25,   34.81,   38.89
   85.03,  138.19,   59.82,   48.78,   21.65,   23.80
   83.76,   75.99,   19.50,   29.02,   23.38,   25.62
   54.22,   43.78,   68.92,   78.72,   35.84,   29.21
   31.42,   30.14,   38.12,   88.89,   66.80,   87.48
   31.44,   30.62,   77.28,   69.31,  304.02,  163.38
  105.19,   81.14,   38.40,   65.85,   55.99,   33.33
   69.73,  387.51,   63.97,  109.71,  167.15,  103.47
  133.14,  291.15,  190.22,  137.28,   88.17,  156.10
   47.78,  194.94,   96.38,  222.41,   63.40,  222.01
   22.70,  193.58,   66.19,  228.57,   30.60,  142.51
  164.75,  264.48,   64.70,  267.52,   32.08,  167.82
   25.88,  178.31,   50.89,  189.39,   40.63,  214.26
   22.04,  167.40,   49.99,  186.88,   27.19,  186.38
   83.15,  278.57,   32.17,  181.62,  128.17,  319.49
   37.95,  197.08,   32.97,  181.46,   58.35,  210.61
   45.51,  201.91,   26.18,  181.41,   37.63,  151.68
   30.09,  224.82,   29.02,  191.78,   31.78,  171.07
   80.40,  202.55,   87.28,  318.42,   27.53,  185.50
  267.58,  283.79,   26.04,  138.28,  105.44,  350.57
   42.69,  189.39,   29.34,  149.78,   29.32,  130.50
   98.34,  270.02,   45.56,  198.36,  143.77,  361.24
   59.79,  243.76,  125.46,  338.92,  182.63,  231.77
   64.65,  201.26,   49.73,  220.69,   56.38,  107.94
   80.61,  229.41,   33.45,  172.89,   36.49,  154.07
   81.87,  256.59,   44.34,  235.38,  237.45,  512.50
   39.81,  183.40,   22.89,  165.76,   40.91,  140.64
   34.75,  173.72,   37.37,  184.03,   43.71,  201.23
   60.56,  244.46,   53.86,  240.08,   23.22,  160.71
   94.35,  221.98,   71.16,  239.42,   83.38,  288.30
   27.56,  168.49,   29.18,  143.76,  123.96,  184.59
   41.94,  221.96,  141.60,  346.99,   44.27,  167.17
   22.87,  177.42,   55.84,  104.22,   77.38,  252.34
   22.32,  168.32,   63.54,  160.87,   43.13,  144.45
   50.71,  209.22,   30.69,  163.82,   47.51,  336.98
   34.02,  197.85,   31.63,  191.34,   47.24, 1856.99
   28.01,  179.90,   18.59,  164.27,   60.20, 1870.03
   22.55,  190.97,   24.44,  181.42,  119.30, 6847.81
   22.64,  197.09,   52.78,  242.79,  102.89, 7134.05
   56.94,  220.11,  315.33,  414.42,  187.43, 9435.38
   18.45,  168.24,   49.39,  126.92,   50.55,11262.86
  343.04,  592.30,  110.41,  257.10,   77.22,10538.46
   54.61,  176.51,   30.24,  153.61,   62.62, 9869.14
   42.95,  187.51,   69.92,  222.68,  111.26,10201.59
   39.05,  183.66,   45.48,  182.67,  204.68,10825.38
   32.51,  172.44,   50.10,  209.43,  420.48,12022.46
   26.56,  184.01,   33.92,  218.24,  189.29,10857.12
   25.66,  184.36,   32.02,  184.51,   77.29,10935.85
   23.93,  178.82,  219.25,  415.22,   53.95,10095.45
  109.51,  230.88,  106.56,  341.19,  177.01,10039.72
   21.05,  175.31,   45.73,  166.38,   82.04,11953.34
   58.94,  231.82,   67.89,  318.71,  101.27,12301.10
   21.37,  178.23,   22.39,  147.84,  141.30,11563.89
   17.78,  169.51,   44.06,  201.69,   78.11,10062.21
  291.74,  335.96,   27.83,  176.94,  113.43,11509.45
   46.34,  189.78,   29.32,  172.75,  123.37,10402.11
   28.93,  169.53,   40.38,  205.40,   76.91, 9477.59
   27.48,  174.99,   28.73,  176.71,   61.88, 9782.61
   40.27,  178.87,   31.37,  215.57,   69.55, 9069.04
   95.10,  228.26,   94.13,  303.66,  107.82, 9058.61
   31.66,  196.41,   44.74,  154.19,  133.90,10305.50
  179.91,  285.68,   58.89,  200.86,   65.58,10035.50
   59.48,  243.28,   89.25,  218.42,   80.75, 8584.39
   44.47,  225.40,   57.33,  252.80,   63.76, 8999.22
   32.17,  170.93,   47.78, 1456.98,  189.81,10371.50
   81.69,  342.80,   62.76, 1918.33,  117.46,10292.36
   24.20,  150.94,   44.99, 1901.07,   68.54, 9799.63
   26.89,  165.78,   64.72, 1920.67,   92.09,12360.53
   31.48,  190.25,   90.30, 2046.86,   51.16,11111.06
  115.76,  230.36,  188.37, 8484.87,   58.02,11323.12
   69.22,  363.17,  167.49, 9140.50,  171.97,10721.55
   53.07,  211.47,  118.79,10323.62,  223.72, 9757.43
   26.59,  155.09,   60.93,10854.62,  222.02,10019.39
   25.07,  174.47,   84.73,10295.09,  103.87,10026.69
   67.50,  210.04,   67.84, 8956.53,   67.45, 9726.49
   55.59,  212.38,   88.65, 7648.83,   92.09, 9380.49
   52.92,  206.62,   55.89, 8247.89,   79.54,10244.00
   23.11,  172.41,   60.63, 7583.83,  297.81, 8871.04
   24.81,  179.02,   61.00, 8466.80,   65.41, 8402.90
   68.02,  217.41,  105.96, 9984.09,   61.46, 9406.00
   47.99,  211.20,   98.18,11302.16,  145.17, 8987.49
   49.56,  228.02,  366.72, 8724.04,   66.83, 9947.94
   42.14,  229.40,  114.73, 7929.94,   88.12, 9508.50
   50.15,  207.87,   93.27, 9211.60,  145.03, 9275.71
  128.07,  321.94,   55.78, 8119.03,   62.29, 8782.06
   39.79,  171.17,   78.89, 8761.72,  128.23, 7754.23
   29.95,  159.08,   74.34, 8498.69,   74.40, 8292.91
   26.93,  179.61,   65.10, 8501.58,   81.13, 8089.43
   25.99,  177.35,   92.49,10224.78,   95.22, 7371.32
   31.25,  187.35,   80.43, 8893.39,   65.44, 7124.01
   75.58,  208.56,  198.03, 8390.83,  138.41, 8083.85
   38.86,  230.55,   73.46, 7146.66,   81.64, 8788.25
   22.36,  171.25,  117.26, 8666.41,   83.04, 8217.56
   20.87,  180.17,  142.48, 8373.48,   70.90, 8422.81
   43.87,  206.42,   97.99, 7924.17,   77.78, 9937.37
   19.47,  176.51,  192.55, 8281.66,   58.68, 8866.49
   33.49,  188.25,   42.12, 9295.09,   69.68, 8884.60
   23.16,  178.26,   80.49, 9943.61,   64.09, 7998.97
   20.53,  176.03,   64.24, 9649.92,  196.12, 7574.03
   24.17,  182.45,   47.45, 9675.23,   62.48, 7644.48
  236.83, 1538.48,  155.83, 8313.09,  153.62, 8890.62
   70.10, 2031.66,  123.99, 8948.53,   68.06, 8626.76
   58.14, 1967.64,   53.96, 9136.92,   57.62, 9753.93
   49.53, 1990.55,   86.49, 7838.74,   59.60, 9513.46
   48.03, 1937.96,   46.30, 7375.97,  106.61,11494.94
   45.69, 1993.34,  140.67, 8680.29,  192.41,10333.47
   31.85, 1935.66,   61.64, 8868.67,  105.97,10969.41
   42.77, 1958.50,  101.27, 9487.71,   94.18,11097.56
  166.40, 7853.38,   90.67,10696.18,   70.13,13188.42
  103.15, 9175.13,   76.10,11092.03,   53.21,13251.71
  144.14,12828.56,  215.59,10131.76,  120.98,12060.82
  302.66,12052.88,  199.11, 9864.26,  116.62,11344.15
  108.89,12197.31,  116.77,10226.27,   80.15, 8965.91
   63.13,11223.00,   84.28, 9255.58,   62.38, 9904.19
  143.02,13472.87,   56.89, 7729.57,   73.61,10577.29
   59.19,12799.00,   97.16, 7989.20,   54.14,10560.29
   55.75,12669.08,   47.70, 7198.90,   63.47,11675.56
   61.96,13236.15,   68.65, 9271.94,   57.51,12313.70
   44.50,11630.62,   59.95,12039.09,   67.28,11890.33
  130.17,11534.57,   63.44, 8880.80,   80.07,12739.32
  154.90,12676.65,  148.68, 7659.62,   56.62,12175.45
  137.55,12515.75,   96.72, 8183.86,  353.00,12608.63
  177.06,13708.05,  184.04, 9916.83,   81.86,12779.68
  110.75,12807.78,  124.06,11077.51,   66.83,11319.51
  144.34,12396.90,   44.38, 9807.68,  135.36,10970.09
   97.03,12572.80,   80.37, 8805.42,   73.26,10246.42
   63.68,11435.03,   72.93, 7195.92,   85.14,10492.35
   64.94,10590.26,   88.18, 6769.62,   72.89, 9946.28
   70.28,12446.33,   97.17, 8827.81,   54.78,11880.71
  127.91,11301.14,   94.71, 8493.77,   55.99,10569.08
  125.49,10061.08,  145.93, 7896.86,   48.58,11502.34
   97.06,10733.90,  280.07, 8114.34,  239.04,11802.84
   66.24,10238.53,   42.47, 8154.51,  158.02, 4761.63
   62.67, 9989.60,   82.16, 8925.43,   35.26,   41.85
  103.84, 9011.53,   61.29, 9280.00,   38.17,   39.95
   67.72, 8990.55,   61.81, 9919.50,   17.09,   22.98
   54.12, 8793.76,   55.46, 9381.46,   29.99,   36.56
   47.24, 9304.76,  100.31, 8341.33,   20.51,   23.18
   59.91, 9403.88,   50.09,11187.08,   61.75,   75.69
   85.21,11869.40,   52.81,11288.35,   22.39,   26.68
   70.84,12990.23,   92.96, 8186.45,   15.27,   17.28
  345.84,13165.55,  299.14,10100.75,   90.52,  134.88
  115.17,11764.41,  148.31, 9979.18,   23.67,   30.88
   77.64,11281.32,   91.10, 8832.19,   21.17,   22.70
   91.30,11164.04,   74.33, 8503.86,   48.38,   46.72
   56.51,10974.83,   65.38, 8304.12,   33.93,   65.80
   58.44,10046.06,   76.45, 7980.84,   96.49,   83.11
   87.97, 9650.98,  104.42, 8277.25,,
   64.38,10223.13,   65.82, 9194.92,,
   88.30,10652.03,   55.22, 9852.99,,
   44.41, 9439.37,   90.57, 8967.40,,
  198.19,10791.76,  160.91, 7931.01,,
   42.21,12547.02,   39.51,10164.79,,
   57.71, 9867.29,   70.70, 9520.92,,
  112.97,10247.13,   58.87, 8096.25,,
   50.35, 8385.06,   67.20, 8084.08,,
   65.25, 8185.12,   68.66, 9176.11,,
   61.97, 8106.76,   76.64, 9280.89,,
   75.40, 7141.46,   62.70,11336.30,,
   70.34, 6855.08,   71.53, 9712.52,,
   56.42, 7041.43,  135.27, 8963.28,,
  567.00,10207.36,  209.48, 9953.20,,
  101.69, 9985.55,   79.30,10228.53,,
   70.78, 9362.28,   86.36, 9537.33,,
  111.70,10096.84,   79.29, 9551.68,,
   57.55,12822.79,   70.55, 9292.94,,
   56.95,13045.27,   85.75, 7797.42,,
   56.28,13125.41,  151.55, 8660.20,,
   47.47,12838.64,  169.13,11627.96,,
   98.84,11611.69,   71.67,13171.64,,
   66.63,10973.95,   74.88,11078.11,,
  129.84, 9517.53,  109.52,10753.98,,
  205.12, 9717.46,   85.67, 9248.46,,
   69.68, 9672.87,   76.92, 8579.43,,
  135.74, 7750.79,   63.64, 7848.93,,
   92.33, 7861.96,   71.66, 9654.26,,
  112.99, 7968.67,  197.25, 8530.15,,
   63.58, 7012.52,   83.85, 9619.23,,
   88.20, 8082.42,   49.39,10584.39,,
   80.71, 8837.50,   62.37,10063.65,,
   60.64, 7244.15,  270.43,10858.01,,
   82.27, 7145.35,  212.65,11262.28,,
  180.25, 9477.50,  147.97,11266.46,,
   60.37,11848.54,   63.51,10026.13,,
  114.10,11202.96,   64.54,11529.08,,
   63.73,10371.45,   57.53, 9072.73,,
   61.44, 9112.70,   69.55, 8784.55,,
   74.31, 8399.98,   98.51,10188.42,,
   64.26, 8737.00,   58.80,10318.24,,
   69.86, 8849.79,   62.35, 9603.80,,
  217.64, 9003.48,   69.71, 7691.31,,
   74.02,11831.76,  119.17, 9824.94,,
  152.11,12417.51,  213.07, 9286.02,,
   56.14,12044.92,  106.53, 8663.69,,
  106.60,10806.41,   90.20, 8887.72,,
   56.76,10381.71,   66.26, 8628.07,,
   98.68, 9938.97,   56.42, 8648.67,,
   41.70, 9098.47,   92.42, 8519.59,,
   56.19, 8787.02,   44.83, 7382.54,,
   62.04, 9551.96,   79.88, 8796.89,,
   77.53, 9250.60,  104.10, 8015.93,,
  111.56, 9075.59,   56.36, 9051.96,,
  166.60,10676.42,  130.87, 9454.09,,
   56.11, 9658.38,   84.61, 9614.30,,
  109.10,11455.66,  261.39, 9467.71,,
   61.20,12543.39,   83.03,10047.80,,
   61.26,11787.10,   97.09, 9692.11,,
   94.11,11481.62,  118.53, 9330.59,,
   81.31,12436.62,   59.39,10572.46,,
   62.20,12576.15,   53.30, 9437.73,,
  156.51,11332.85,  134.77, 7838.33,,
  226.12, 9660.27,   68.50, 9389.79,,
  156.05,11243.78,   86.92,11269.55,,
   67.62,11971.71,  183.62,12059.23,,
  106.03,11286.13,   42.07, 7952.02,,
   53.64,11865.20,   70.27, 7907.42,,
   59.20,10180.03,   43.31, 9152.44,,
   54.44,11378.22,   86.24,10703.65,,
  118.48,13003.15,   47.71, 9083.22,,
   75.14,12204.48,   62.07, 8702.54,,
   80.28,10587.15,  300.92, 8017.09,,
  185.06,12049.47,   52.68, 8442.16,,
  239.24,10928.81,  145.26,10350.28,,
  105.80, 9554.34,  198.14, 7801.44,,
  126.64, 9807.96,   76.44, 7897.39,,
   61.82,10354.29,  186.15, 8688.23,,
   70.72, 9606.29,   86.27, 9169.81,,
   59.43, 9426.18,   90.56, 9425.22,,
   79.94,10019.50,   55.22, 9382.87,,
   77.58, 9992.13,   73.65,10218.30,,
   61.98,11187.83,  265.16,10225.41,,
  223.83,12176.76,  197.02,11949.48,,
  132.57,12323.88,   67.66, 9490.19,,
  220.68,10417.94,  178.89, 9386.18,,
  135.71,12917.59,   56.34, 8571.67,,
   59.87,12449.65,   58.20, 9402.90,,
   48.71,11539.50,   46.88,10107.33,,
   51.52,12169.70,  111.72,11286.11,,
   55.68,10914.23,   43.32, 9832.14,,
   67.25,11793.16,  146.10,10384.92,,
   68.26,11561.83,   96.12,10800.53,,
  215.13,11633.39,  147.45,11111.92,,
   67.17,12190.67,  174.56, 9284.88,,
  182.61,12568.07,  167.67, 9115.57,,
   86.47,11271.42,   99.42,11131.92,,
   58.87,11510.92,   52.19,12140.85,,
   66.29,11060.22,   81.25,11799.15,,
   60.18,11096.67,  110.05,11401.01,,
   71.95,12080.24,   61.74,10999.90,,
   67.09,10364.03,   59.71, 9312.06,,
   69.22,11873.03,  100.05,10608.83,,
   88.02,10705.30,   56.25, 9032.72,,
   61.91,11342.43,   53.71, 8064.18,,
  159.98,12934.92,  116.16, 9374.55,,
  103.82,11180.29,  119.47, 9283.25,,
  117.46, 9642.68,   89.82, 8634.43,,
   62.61,10631.03,   54.27, 9124.16,,
  213.19, 9523.27,   87.06, 7442.31,,
   47.58,10971.98,   64.35, 9629.97,,
   63.81, 9746.88,   55.96, 7925.83,,
  150.99,12478.92,  150.50, 8013.89,,
  290.17,10889.97,  139.57,10146.59,,
   94.45,12329.19,   76.48, 8848.85,,
  178.39,10921.55,   81.84, 8410.74,,
   96.80,10237.65,  155.78, 8874.31,,
   71.52,10455.87,   96.60,10422.57,,
   63.96,11768.99,  107.12, 9670.76,,
   62.62,12275.14,  109.36, 9500.95,,
   86.52,12469.92,   66.11, 9814.73,,
   91.78,12745.61,   69.14, 9284.07,,
   66.80,11408.49,  100.89, 9518.11,,
   56.81,10678.99,   56.38, 8311.68,,
  123.06,10323.41,   65.73, 7649.98,,
  218.26, 9866.92,   88.15, 7792.50,,
  144.47, 9554.01,  162.70, 9585.17,,
  111.09, 8637.45,   47.66, 8391.98,,
   58.88,11293.34,   47.31, 9049.32,,
   53.37,13877.96,   82.61, 9576.42,,
   66.98,11777.69,   50.20,11380.70,,
   81.65,11577.54,   52.46, 9066.00,,
  104.89,11250.93,  332.31, 8616.41,,
  240.57,11756.16,  113.48,10628.20,,
   70.18,10601.04,   68.60,10142.79,,
   91.74,10163.90,   69.69, 8776.96,,
  166.90,11674.51,  151.60, 8397.19,,
   76.74,11159.08,   76.49, 6928.84,,
   66.81,10875.80,   85.74, 8062.68,,
   64.27, 9947.36,   95.06, 8646.91,,
   71.54, 9811.65,   54.14, 7634.93,,
   59.69, 9519.08,   54.35, 7567.07,,
   79.48, 8912.00,   75.16, 8220.05,,
   44.58, 9625.19,  120.81, 8974.06,,
   48.33,10359.92,  190.47, 7826.08,,
   81.64,10349.38,  248.57, 9033.24,,
  138.03,10504.06,  159.58, 8908.97,,
   63.30, 9504.66,   74.50, 9493.35,,
   53.74, 8828.30,   69.91,10477.60,,
   51.94, 8768.97,   68.47,10475.76,,
   60.21, 8612.00,   45.05, 8924.01,,
   68.06, 9076.06,   67.70, 7974.54,,
  107.74, 8274.80,   98.49, 9088.99,,
   69.30, 9908.85,   58.54, 8474.04,,
   62.77,10363.84,   67.28, 9974.38,,
  113.15, 9610.34,   70.66, 8691.13,,
  155.82,11380.30,  187.60, 9633.27,,
   92.74,11538.21,   89.33,10795.37,,
   87.24,12924.67,   66.44, 9315.36,,
   69.34,11198.42,  149.83, 9541.49,,
   84.49,10115.39,   69.54, 9117.70,,
   72.32, 9745.37,  118.88, 9840.54,,
  273.45,12023.35,  163.24, 9754.41,,
   53.65,13367.49,   70.15, 8614.97,,
   76.16,10577.71,   53.26, 9360.25,,
   91.77, 9889.12,   92.57, 8121.67,,
  141.17, 9876.58,  104.32, 8885.07,,
   70.09, 9295.38,  118.43,10774.73,,
   51.23, 8998.75,   55.50,10184.01,,
  114.81, 9676.52,   74.04, 8298.45,,
   72.54,10465.43,   54.20, 7282.59,,
   72.80,11154.88,   56.65, 8520.43,,
  150.73,11189.51,  106.21, 7763.76,,
  141.78,11286.11,   53.65, 7796.45,,
   98.42,10088.98,  176.06, 7092.24,,
  120.77,11624.85,   96.90,10920.73,,
  171.99,12498.65,   57.71, 9146.77,,
  101.69,13592.43,  155.90,11490.60,,
   68.49,12065.66,   75.85, 8918.29,,
   74.69,10946.19,  109.57, 8649.88,,
   70.30,10752.71,   58.88,11112.18,,
   50.83,12742.65,   88.86, 9109.13,,
   95.12,10836.86,  311.48, 8715.94,,
   47.81, 9784.95,  101.10, 8189.85,,
   60.21,12739.16,   55.28, 8247.82,,
  119.26,12707.50,   99.11, 9908.65,,
  118.59,10953.68,   70.33, 7283.98,,
  105.52, 9478.82,  134.48, 9232.16,,
   48.93, 9251.17,  101.12, 8791.84,,
   72.73, 8989.04,   56.47, 8236.29,,
   62.81, 9740.20,   48.88, 8251.62,,
   77.58,10286.08,   98.86, 7684.65,,
   87.99,11901.15,   89.11,10853.77,,
  231.66,12359.73,  102.91,  336.52,,
   56.26,10612.06,   72.41,   70.76,,
   84.65, 9848.48,   48.91,   78.43,,
   61.44,13311.36,   19.48,   45.41,,
  162.02,11320.53,   86.56,  130.34,,
   68.12,10682.18,   61.89,  105.32,,
   60.68,10663.70,   54.24,   74.83,,
  147.24,11512.91,   24.89,   32.50,,
  118.61,11375.97,   48.76,   58.94,,
   91.18,11155.90,,,,
   52.27,10108.16,,,,
   56.97, 9573.18,,,,
   93.48, 9615.10,,,,
   53.43, 9867.20,,,,
  206.85, 9797.88,,,,
   80.61, 9745.75,,,,
   43.96, 9318.15,,,,
   76.08, 9130.13,,,,
  144.68,12011.91,,,,
  245.13,11337.70,,,,
   94.85,10793.11,,,,
   76.17, 9815.84,,,,
   84.39, 8621.21,,,,
   60.39, 9244.20,,,,
  165.02,10627.79,,,,
   72.51,11847.41,,,,
   61.46, 8503.60,,,,
   85.83, 8813.90,,,,
   61.61, 9073.13,,,,
   64.45,11227.95,,,,
  107.41,11453.29,,,,
  159.22,10440.97,,,,
  141.99,12865.62,,,,
   89.46,11444.18,,,,
  166.36, 9820.50,,,,
   93.91, 9875.91,,,,
   53.27, 8989.44,,,,
   73.39, 8708.76,,,,
   74.15, 7973.92,,,,
   88.29, 7660.47,,,,
   67.88, 8180.95,,,,
  206.74, 7256.45,,,,
   85.75, 6974.49,,,,
   72.57, 7138.68,,,,
  164.98, 8827.38,,,,
   64.14,11463.50,,,,
   72.10,10298.64,,,,
   80.51, 8753.53,,,,
  202.48, 8941.15,,,,
   65.45, 9294.73,,,,
   46.54, 9488.64,,,,
   67.09, 9125.59,,,,
   77.98, 9506.41,,,,
   73.17, 9579.84,,,,
   85.11, 9659.67,,,,
  106.94,10323.72,,,,
   59.90,11672.04,,,,
   76.91,12114.35,,,,
   91.39,12584.77,,,,
   74.93,12810.46,,,,
   60.25, 9680.52,,,,
   75.07,11208.09,,,,
   94.78,10193.35,,,,
   52.35, 9091.70,,,,
  100.24, 9581.30,,,,
  199.43,10222.46,,,,
   65.39, 8283.30,,,,
   59.59, 9463.95,,,,
  247.82,10308.51,,,,
  196.32,10935.75,,,,
   62.83, 9201.42,,,,
  108.89,10180.16,,,,
   53.49, 8858.25,,,,
   58.00, 9247.73,,,,
   39.82, 8736.77,,,,
  139.64, 9639.02,,,,
  106.62,10072.51,,,,
  101.14,10230.03,,,,
  363.36, 8891.40,,,,
   89.88, 8214.94,,,,
  155.44, 6997.77,,,,
  120.20, 8476.56,,,,
  158.36, 7972.28,,,,
   74.01, 8173.98,,,,
   97.71, 8316.27,,,,
  153.04,10056.10,,,,
   85.11,10446.02,,,,
   74.07,11569.17,,,,
   73.12, 9868.74,,,,
   55.20,11232.60,,,,
   63.73, 9995.19,,,,
   88.07,10665.14,,,,
   60.57,10469.85,,,,
   58.52, 9112.52,,,,
   50.98, 8991.10,,,,
  157.67, 9982.58,,,,
   99.12, 9051.95,,,,
   84.09, 8886.41,,,,
   97.63,10505.82,,,,
  150.73,10635.63,,,,
  172.80,11524.88,,,,
   84.97,10259.73,,,,
   59.53,10163.81,,,,
   66.18, 9641.35,,,,
   84.36, 9958.33,,,,
  158.38,10011.41,,,,
   73.02,12055.04,,,,
   68.07, 9952.21,,,,
  107.18,10134.47,,,,
   56.15,10258.75,,,,
   56.52,11550.92,,,,
  305.78,11862.21,,,,
   94.90,12112.92,,,,
   92.05,11957.60,,,,
   60.59,10523.53,,,,
  113.16,10508.13,,,,
   95.07, 9721.99,,,,
   72.17,10708.07,,,,
  275.13,12260.26,,,,
   98.31,10629.03,,,,
   90.36, 9842.02,,,,
   92.95,10020.64,,,,
   82.18,10402.31,,,,
   76.56,10853.62,,,,
   60.92,13258.07,,,,
   67.30,12037.87,,,,
  162.02,11059.45,,,,
   69.53,11393.94,,,,
   82.54,10587.10,,,,
   95.05,11348.85,,,,
  128.04,11152.81,,,,
  115.00,11820.62,,,,
  167.74,10555.27,,,,
  136.65,11417.53,,,,
   69.61,12101.90,,,,
   92.46,11044.47,,,,
  148.48, 9287.86,,,,
   82.09,11109.99,,,,
  111.74,11483.99,,,,
   62.70,11539.22,,,,
   67.22,12126.47,,,,
   98.61,11821.34,,,,
   76.93,11834.65,,,,
   78.28,13868.58,,,,
   62.50,11939.31,,,,
   84.51,10202.96,,,,
  134.98, 9069.73,,,,
   62.92, 8068.39,,,,
   83.07, 8203.91,,,,
   50.14, 9020.87,,,,
   61.18,10714.18,,,,
   93.57,10294.32,,,,
   58.30, 9478.56,,,,
   83.81,11416.81,,,,
   44.94, 9491.61,,,,
   43.18,12666.60,,,,
  144.25,12286.17,,,,
   93.24,10523.22,,,,
  111.81,10502.33,,,,
   82.67, 8950.23,,,,
   66.55,10072.19,,,,
   61.73,10603.87,,,,
   59.40,10145.19,,,,
   99.96, 9794.00,,,,
   95.27, 9563.29,,,,
   96.09,10077.06,,,,
  133.24, 9349.17,,,,
  173.00, 9702.46,,,,
  256.06,10921.12,,,,
   53.42, 9768.12,,,,
   69.69,10997.45,,,,
  103.70,10109.55,,,,
  122.31, 9599.65,,,,
   72.23,11357.84,,,,
   53.90,11046.15,,,,
  219.27, 9969.98,,,,
  114.67, 9806.42,,,,
  146.79, 9176.18,,,,
  132.62,11733.88,,,,
  105.29,12174.27,,,,
   97.58,10522.60,,,,
   80.53, 9229.28,,,,
   80.03,10137.62,,,,
  256.10,11573.37,,,,
   85.34,11560.25,,,,
   75.94,12432.49,,,,
  103.50,11187.49,,,,
  134.52,10656.34,,,,
   61.05,11877.93,,,,
   49.73,12650.49,,,,
  259.67,13352.18,,,,
   74.23,12405.90,,,,
   70.67,12390.12,,,,
   50.35,11266.49,,,,
   48.18,10529.24,,,,
   55.33,13284.51,,,,
   66.13,13554.55,,,,
  173.10,12891.29,,,,
  100.17,10189.95,,,,
  183.48,10467.11,,,,
   98.59,11345.84,,,,
   74.37,11762.02,,,,
   55.09, 9499.47,,,,
   93.59,10378.35,,,,
   63.72, 9677.74,,,,
  104.34, 9795.15,,,,
   79.62,11959.61,,,,
  182.00,12825.90,,,,
   55.60,13732.84,,,,
   60.80,12287.87,,,,
   99.70,11543.64,,,,
   57.94,11505.28,,,,
  156.46, 9388.59,,,,
   71.91,10937.76,,,,
  215.35,11447.44,,,,
   55.23, 9602.41,,,,
   74.55,10281.42,,,,
  334.91,10649.71,,,,
  159.27,10154.39,,,,
   69.91,10551.31,,,,
   73.72,11504.89,,,,
   73.68,10208.07,,,,
   42.81, 9455.75,,,,
   84.18,10163.75,,,,
   52.35,11332.33,,,,
  118.11,12605.67,,,,
   88.52,11036.75,,,,
  102.48,10818.65,,,,
  127.34,10952.58,,,,
  132.60,12282.63,,,,
  124.21,11664.99,,,,
   97.38,11301.39,,,,
  104.94,12241.50,,,,
   65.99,12268.69,,,,
   52.77,11616.17,,,,
   90.65,10935.88,,,,
   81.29, 9888.04,,,,
   93.73,10530.60,,,,
  149.92,11344.27,,,,
   83.28,11949.64,,,,
   67.78,10674.12,,,,
   62.45,10483.11,,,,
   78.73, 9129.70,,,,
   82.12,11859.61,,,,
   62.68,11844.56,,,,
   87.12,10318.16,,,,
   66.84,10899.20,,,,
   76.90,10660.05,,,,
  122.29,10347.66,,,,
   57.06,11674.95,,,,
  109.33,12333.28,,,,
   59.80,11867.20,,,,
   60.77,11842.17,,,,
   49.36,11012.64,,,,
   46.15,11932.09,,,,
   46.85,11808.03,,,,
   76.14, 9826.67,,,,
   99.98, 9230.58,,,,
  136.74, 8118.31,,,,
   74.93, 8529.06,,,,
   81.83, 9010.11,,,,
   70.02, 9096.75,,,,
   67.97, 9478.73,,,,
  151.32, 9365.66,,,,
  102.76,11247.54,,,,
   81.50, 9878.11,,,,
   84.92,10540.62,,,,
  309.56,12697.01,,,,
  135.25,12286.56,,,,
   72.47,10431.86,,,,
   97.63, 9695.58,,,,
   62.91,10892.80,,,,
   81.42,10413.58,,,,
   56.48,11006.72,,,,
  111.92,12812.28,,,,
   76.64,11416.27,,,,
   99.68,11037.28,,,,
  158.24,10851.56,,,,
  158.44,12725.10,,,,
  148.26,10788.76,,,,
  127.93,11495.10,,,,
   74.97,10434.14,,,,
   92.84,10335.03,,,,
   73.39, 9732.38,,,,
   77.84, 8957.73,,,,
   81.09,11248.58,,,,
  189.49,11031.99,,,,
   82.22,11503.72,,,,
   51.65,10698.53,,,,
  135.04,10348.83,,,,
  108.41, 9943.29,,,,
   69.32,11080.00,,,,
   52.72,10789.48,,,,
   44.89, 9556.71,,,,
   49.77,10173.77,,,,
   52.13,10922.10,,,,
   84.79,11711.36,,,,
   82.54,11124.82,,,,
   59.73,11081.57,,,,
  306.83,12268.86,,,,
  174.99,12434.46,,,,
  379.89,10077.07,,,,
  200.76, 8824.82,,,,
  150.01, 8892.84,,,,
   68.38,10100.32,,,,
   69.77, 9683.40,,,,
   90.42,10266.96,,,,
   98.07,10749.95,,,,
   56.59,10923.79,,,,
  147.55,13391.38,,,,
  111.90,12612.03,,,,
   64.37,13075.79,,,,
   71.55,11822.56,,,,
   75.75,11231.54,,,,
   53.49,11739.06,,,,
   61.36,11169.60,,,,
  135.67, 9649.32,,,,
  261.57,10872.55,,,,
  117.94,10521.49,,,,
  145.63,13335.47,,,,
   89.09,13425.79,,,,
   84.70,11594.19,,,,
   69.49,12650.81,,,,
   90.43,12024.38,,,,
   78.36,11713.24,,,,
  123.90,11921.19,,,,
  227.58,13703.17,,,,
   79.21,11541.52,,,,
  109.40,10713.74,,,,
  168.47,10803.63,,,,
  167.89,11769.91,,,,
   81.77, 9980.19,,,,
   87.05,10127.03,,,,
   50.17,10684.95,,,,
   52.09, 9831.18,,,,
   62.49, 9490.07,,,,
   83.76, 9288.59,,,,
   96.46, 8947.24,,,,
   72.23, 9910.19,,,,
  214.52,11338.03,,,,
  143.71,12403.93,,,,
   53.88,11319.19,,,,
  340.26,10833.61,,,,
  105.04, 7783.32,,,,
   84.03, 9241.62,,,,
   50.58,12689.80,,,,
  104.35,11428.38,,,,
   66.60,10649.02,,,,
   46.09,10178.16,,,,
   79.58, 9930.71,,,,
  165.33, 9952.69,,,,
   93.83,10205.54,,,,
   46.81,10421.04,,,,
   46.93,10733.02,,,,
   56.35,10782.77,,,,
   73.90, 9768.69,,,,
  104.34,11789.47,,,,
   80.30,10582.45,,,,
   60.52,10608.12,,,,
   73.94,12011.07,,,,
  133.93,11838.37,,,,
   54.86,12003.44,,,,
   64.60, 9588.54,,,,
  120.27,11336.91,,,,
   96.99,11391.76,,,,
   45.48,11772.24,,,,
  269.99, 9565.51,,,,
  173.47,10438.89,,,,
   55.48,10007.15,,,,
  112.91, 8539.94,,,,
  135.78, 7793.10,,,,
   71.74, 7586.00,,,,
   42.34,12568.24,,,,
   49.98,12110.87,,,,
  103.72,11745.22,,,,
   63.24,12234.26,,,,
  214.79,10557.01,,,,
  115.39,10643.38,,,,
  139.23, 9013.83,,,,
  103.03, 9638.20,,,,
  166.61,11064.51,,,,
   82.89,12089.74,,,,
   78.28,10768.51,,,,
  312.17,23565.41,,,,
   79.95, 1295.45,,,,
   81.57,  336.46,,,,
   71.53,  143.34,,,,
   25.08,   30.81,,,,
   32.10,   33.45,,,,
   36.49,   53.69,,,,
   36.10,   40.40,,,,
   68.13,   71.17,,,,
   17.77,   23.85,,,,
   18.56,   27.60,,,,
   20.62,   33.75,,,,
   33.02,   43.68,,,,
